record_id,source,source_id,title,year,doi,url,removal_type,removal_reason,review_group_id,retained_record_id
arXiv::2510.03970,arXiv,2510.03970,Towards Carbon-Aware Container Orchestration: Predicting Workload Energy Consumption with Federated Learning,2025,,https://arxiv.org/abs/2510.03970,duplicate,Two database records describe the same preprint,CONFLICT-0010,Scopus::2-s2.0-105035830573
arXiv::2602.08191,arXiv,2602.08191,NeuroScaler: Towards Energy-Optimal Autoscaling for Container-Based Services,2026,,https://arxiv.org/abs/2602.08191,duplicate,Two database records describe the same preprint,CONFLICT-0011,Scopus::2-s2.0-105045422668
DBLP::conf/ucc/MehtaHRBV20,DBLP,conf/ucc/MehtaHRBV20,WattsApp: Power-Aware Container Scheduling.,2020,10.1109/ucc48980.2020.00027,https://dblp.org/rec/conf/ucc/MehtaHRBV20,duplicate,Confirmed exact DOI or publication-identity duplicate,EXACT-0001,Scopus::2-s2.0-85099605767
DBLP::journals/corr/abs-2006-00342,DBLP,journals/corr/abs-2006-00342,WattsApp: Power-Aware Container Scheduling.,2020,,https://dblp.org/rec/journals/corr/abs-2006-00342,duplicate,Confirmed exact DOI or publication-identity duplicate,EXACT-0001,Scopus::2-s2.0-85099605767
IEEE Xplore::https://ieeexplore.ieee.org/stamp/stamp.jsp?arnumber=9302777,IEEE Xplore,https://ieeexplore.ieee.org/stamp/stamp.jsp?arnumber=9302777,WattsApp: Power-Aware Container Scheduling,2020,10.1109/ucc48980.2020.00027,https://ieeexplore.ieee.org/stamp/stamp.jsp?arnumber=9302777,duplicate,Confirmed exact DOI or publication-identity duplicate,EXACT-0001,Scopus::2-s2.0-85099605767
arXiv::2006.00342,arXiv,2006.00342,WattsApp: Power-Aware Container Scheduling,2020,,https://arxiv.org/abs/2006.00342,duplicate,Confirmed exact DOI or publication-identity duplicate,EXACT-0001,Scopus::2-s2.0-85099605767
ACM Digital Library::10.1145/3631295.3631396,ACM Digital Library,10.1145/3631295.3631396,GreenCourier: Carbon-Aware Scheduling for Serverless Functions,2023,10.1145/3631295.3631396,https://doi.org/10.1145/3631295.3631396,duplicate,Confirmed exact DOI or publication-identity duplicate,EXACT-0003,Scopus::2-s2.0-85180124267
DBLP::conf/wosc/ChadhaSAG0A23,DBLP,conf/wosc/ChadhaSAG0A23,GreenCourier: Carbon-Aware Scheduling for Serverless Functions.,2023,10.1145/3631295.3631396,https://dblp.org/rec/conf/wosc/ChadhaSAG0A23,duplicate,Confirmed exact DOI or publication-identity duplicate,EXACT-0003,Scopus::2-s2.0-85180124267
arXiv::2310.20375,arXiv,2310.20375,GreenCourier: Carbon-Aware Scheduling for Serverless Functions,2023,10.1145/3631295.3631396,https://arxiv.org/abs/2310.20375,duplicate,Confirmed exact DOI or publication-identity duplicate,EXACT-0003,Scopus::2-s2.0-85180124267
DBLP::conf/ccnc/BellalLKMN25,DBLP,conf/ccnc/BellalLKMN25,3GC: A Deadline-Aware and Energy-Efficient Resource Allocation Scheme for Serverless Edge Computing.,2025,10.1109/ccnc54725.2025.10976019,https://dblp.org/rec/conf/ccnc/BellalLKMN25,duplicate,Confirmed exact DOI or publication-identity duplicate,EXACT-0004,Scopus::2-s2.0-105005140255
IEEE Xplore::https://ieeexplore.ieee.org/stamp/stamp.jsp?arnumber=10976019,IEEE Xplore,https://ieeexplore.ieee.org/stamp/stamp.jsp?arnumber=10976019,3GC: A Deadline-Aware and Energy-Efficient Resource Allocation Scheme for Serverless Edge Computing,2025,10.1109/ccnc54725.2025.10976019,https://ieeexplore.ieee.org/stamp/stamp.jsp?arnumber=10976019,duplicate,Confirmed exact DOI or publication-identity duplicate,EXACT-0004,Scopus::2-s2.0-105005140255
IEEE Xplore::https://ieeexplore.ieee.org/stamp/stamp.jsp?arnumber=8769500,IEEE Xplore,https://ieeexplore.ieee.org/stamp/stamp.jsp?arnumber=8769500,A Commodity SBC-Edge Cluster for Smart Cities,2019,10.1109/cais.2019.8769500,https://ieeexplore.ieee.org/stamp/stamp.jsp?arnumber=8769500,duplicate,Confirmed exact DOI or publication-identity duplicate,EXACT-0005,Scopus::2-s2.0-85073891891
arXiv::1902.06661,arXiv,1902.06661,A Commodity SBC-Edge Cluster for Smart Cities,2019,,https://arxiv.org/abs/1902.06661,duplicate,Confirmed exact DOI or publication-identity duplicate,EXACT-0005,Scopus::2-s2.0-85073891891
ACM Digital Library::10.1145/3785520.3785532,ACM Digital Library,10.1145/3785520.3785532,A Kubernetes custom scheduler based on reinforcement learning for compute‑intensive pods,2026,10.1145/3785520.3785532,https://doi.org/10.1145/3785520.3785532,duplicate,Confirmed exact DOI or publication-identity duplicate,EXACT-0006,Scopus::2-s2.0-105031564490
arXiv::2601.13579,arXiv,2601.13579,A Kubernetes custom scheduler based on reinforcement learning for compute-intensive pods,2026,,https://arxiv.org/abs/2601.13579,duplicate,Confirmed exact DOI or publication-identity duplicate,EXACT-0006,Scopus::2-s2.0-105031564490
DBLP::journals/tnsm/EddineOBOK26,DBLP,journals/tnsm/EddineOBOK26,A Multi-Objective Framework for Power-Aware Scheduling in Kubernetes.,2026,10.1109/tnsm.2025.3630045,https://dblp.org/rec/journals/tnsm/EddineOBOK26,duplicate,Confirmed exact DOI or publication-identity duplicate,EXACT-0007,Scopus::2-s2.0-105021112387
IEEE Xplore::https://ieeexplore.ieee.org/stamp/stamp.jsp?arnumber=11231033,IEEE Xplore,https://ieeexplore.ieee.org/stamp/stamp.jsp?arnumber=11231033,A Multi-Objective Framework for Power-Aware Scheduling in Kubernetes,2026,10.1109/tnsm.2025.3630045,https://ieeexplore.ieee.org/stamp/stamp.jsp?arnumber=11231033,duplicate,Confirmed exact DOI or publication-identity duplicate,EXACT-0007,Scopus::2-s2.0-105021112387
IEEE Xplore::https://ieeexplore.ieee.org/stamp/stamp.jsp?arnumber=10769448,IEEE Xplore,https://ieeexplore.ieee.org/stamp/stamp.jsp?arnumber=10769448,AI-Native Multi-Access Future Networks—The REASON Architecture,2024,10.1109/access.2024.3507186,https://ieeexplore.ieee.org/stamp/stamp.jsp?arnumber=10769448,duplicate,Confirmed exact DOI or publication-identity duplicate,EXACT-0008,Scopus::2-s2.0-85210970336
arXiv::2411.06870,arXiv,2411.06870,AI-Native Multi-Access Future Networks -- The REASON Architecture,2024,,https://arxiv.org/abs/2411.06870,duplicate,Confirmed exact DOI or publication-identity duplicate,EXACT-0008,Scopus::2-s2.0-85210970336
DBLP::journals/access/ShahinMKPKBS26,DBLP,journals/access/ShahinMKPKBS26,CARGO: Compliant Analytics for Resilient Governance and Orchestration of Maritime Emissions in an Explainable Serverless Framework.,2026,10.1109/access.2026.3694764,https://dblp.org/rec/journals/access/ShahinMKPKBS26,duplicate,Confirmed exact DOI or publication-identity duplicate,EXACT-0009,IEEE Xplore::https://ieeexplore.ieee.org/stamp/stamp.jsp?arnumber=11526795
Scopus::2-s2.0-105039571888,Scopus,2-s2.0-105039571888,CARGO: Compliant Analytics for Resilient Governance and Orchestration of Maritime Emissions in an Explainable Serverless Framework,2026,10.1109/access.2026.3694764,https://www.scopus.com/pages/publications/105039571888?origin=resultslist,duplicate,Confirmed exact DOI or publication-identity duplicate,EXACT-0009,IEEE Xplore::https://ieeexplore.ieee.org/stamp/stamp.jsp?arnumber=11526795
DBLP::conf/green/QiMHMBP24,DBLP,conf/green/QiMHMBP24,CASA: A Framework for SLO- and Carbon-Aware Autoscaling and Scheduling in Serverless Cloud Computing.,2024,10.1109/igsc64514.2024.00010,https://dblp.org/rec/conf/green/QiMHMBP24,duplicate,Confirmed exact DOI or publication-identity duplicate,EXACT-0010,Scopus::2-s2.0-85213365355
IEEE Xplore::https://ieeexplore.ieee.org/stamp/stamp.jsp?arnumber=10765835,IEEE Xplore,https://ieeexplore.ieee.org/stamp/stamp.jsp?arnumber=10765835,CASA: A Framework for SLO- and Carbon-Aware Autoscaling and Scheduling in Serverless Cloud Computing,2024,10.1109/igsc64514.2024.00010,https://ieeexplore.ieee.org/stamp/stamp.jsp?arnumber=10765835,duplicate,Confirmed exact DOI or publication-identity duplicate,EXACT-0010,Scopus::2-s2.0-85213365355
IEEE Xplore::https://ieeexplore.ieee.org/stamp/stamp.jsp?arnumber=9448450,IEEE Xplore,https://ieeexplore.ieee.org/stamp/stamp.jsp?arnumber=9448450,COSCO: Container Orchestration Using Co-Simulation and Gradient Based Optimization for Fog Computing Environments,2022,10.1109/tpds.2021.3087349,https://ieeexplore.ieee.org/stamp/stamp.jsp?arnumber=9448450,duplicate,Confirmed exact DOI or publication-identity duplicate,EXACT-0011,Scopus::2-s2.0-85109149036
arXiv::2104.14392,arXiv,2104.14392,COSCO: Container Orchestration using Co-Simulation and Gradient Based Optimization for Fog Computing Environments,2021,10.1109/tpds.2021.3087349,https://arxiv.org/abs/2104.14392,duplicate,Confirmed exact DOI or publication-identity duplicate,EXACT-0011,Scopus::2-s2.0-85109149036
DBLP::conf/pimrc/ChengXXZLS23,DBLP,conf/pimrc/ChengXXZLS23,CSFRL: A Reinforcement Learning Technology Enabled Computing Power Scheduling Framework Based on Kubernetes.,2023,10.1109/pimrc56721.2023.10294003,https://dblp.org/rec/conf/pimrc/ChengXXZLS23,duplicate,Confirmed exact DOI or publication-identity duplicate,EXACT-0012,Scopus::2-s2.0-85178263793
IEEE Xplore::https://ieeexplore.ieee.org/stamp/stamp.jsp?arnumber=10294003,IEEE Xplore,https://ieeexplore.ieee.org/stamp/stamp.jsp?arnumber=10294003,CSFRL: A Reinforcement Learning Technology Enabled Computing Power Scheduling Framework Based on Kubernetes,2023,10.1109/pimrc56721.2023.10294003,https://ieeexplore.ieee.org/stamp/stamp.jsp?arnumber=10294003,duplicate,Confirmed exact DOI or publication-identity duplicate,EXACT-0012,Scopus::2-s2.0-85178263793
ACM Digital Library::10.1145/3718958.3750478,ACM Digital Library,10.1145/3718958.3750478,Carbon- and Precedence-Aware Scheduling for Data Processing Clusters,2025,10.1145/3718958.3750478,https://doi.org/10.1145/3718958.3750478,duplicate,Confirmed exact DOI or publication-identity duplicate,EXACT-0013,Scopus::2-s2.0-105016258877
arXiv::2502.09717,arXiv,2502.09717,Carbon- and Precedence-Aware Scheduling for Data Processing Clusters,2025,,https://arxiv.org/abs/2502.09717,duplicate,Confirmed exact DOI or publication-identity duplicate,EXACT-0013,Scopus::2-s2.0-105016258877
ACM Digital Library::10.1145/3626788,ACM Digital Library,10.1145/3626788,CarbonScaler: Leveraging Cloud Workload Elasticity for Optimizing Carbon-Efficiency,2023,10.1145/3626788,https://doi.org/10.1145/3626788,duplicate,Confirmed exact DOI or publication-identity duplicate,EXACT-0014,Scopus::2-s2.0-85178142603
arXiv::2302.08681,arXiv,2302.08681,CarbonScaler: Leveraging Cloud Workload Elasticity for Optimizing Carbon-Efficiency,2023,10.1145/3626788,https://arxiv.org/abs/2302.08681,duplicate,Confirmed exact DOI or publication-identity duplicate,EXACT-0014,Scopus::2-s2.0-85178142603
DBLP::conf/mascots/BahreiniTT24,DBLP,conf/mascots/BahreiniTT24,Caspian: A Carbon-aware Workload Scheduler in Multi-Cluster Kubernetes Environments.,2024,10.1109/mascots64422.2024.10786568,https://dblp.org/rec/conf/mascots/BahreiniTT24,duplicate,Confirmed exact DOI or publication-identity duplicate,EXACT-0015,Scopus::2-s2.0-85215082174
IEEE Xplore::https://ieeexplore.ieee.org/stamp/stamp.jsp?arnumber=10786568,IEEE Xplore,https://ieeexplore.ieee.org/stamp/stamp.jsp?arnumber=10786568,Caspian: A Carbon-aware Workload Scheduler in Multi-Cluster Kubernetes Environments,2024,10.1109/mascots64422.2024.10786568,https://ieeexplore.ieee.org/stamp/stamp.jsp?arnumber=10786568,duplicate,Confirmed exact DOI or publication-identity duplicate,EXACT-0015,Scopus::2-s2.0-85215082174
ACM Digital Library::10.1145/3503047.3503088,ACM Digital Library,10.1145/3503047.3503088,Cloud-Based Smart Energy Framework for Accelerated Data Analytics with Parallel Computing of Orchestrated Containers: Study Case of CU-BEMS,2022,10.1145/3503047.3503088,https://doi.org/10.1145/3503047.3503088,duplicate,Confirmed exact DOI or publication-identity duplicate,EXACT-0016,Scopus::2-s2.0-85123763867
DBLP::conf/aiss/SaengkaenpetchA21,DBLP,conf/aiss/SaengkaenpetchA21,Cloud-Based Smart Energy Framework for Accelerated Data Analytics with Parallel Computing of Orchestrated Containers: Study Case of CU-BEMS.,2021,10.1145/3503047.3503088,https://dblp.org/rec/conf/aiss/SaengkaenpetchA21,duplicate,Confirmed exact DOI or publication-identity duplicate,EXACT-0016,Scopus::2-s2.0-85123763867
IEEE Xplore::https://ieeexplore.ieee.org/stamp/stamp.jsp?arnumber=11179878,IEEE Xplore,https://ieeexplore.ieee.org/stamp/stamp.jsp?arnumber=11179878,Container-level Energy Observability in Kubernetes Clusters,2025,10.1109/ict4s68164.2025.00016,https://ieeexplore.ieee.org/stamp/stamp.jsp?arnumber=11179878,duplicate,Confirmed exact DOI or publication-identity duplicate,EXACT-0017,Scopus::2-s2.0-105018906302
arXiv::2504.10702,arXiv,2504.10702,Container-level Energy Observability in Kubernetes Clusters,2025,,https://arxiv.org/abs/2504.10702,duplicate,Confirmed exact DOI or publication-identity duplicate,EXACT-0017,Scopus::2-s2.0-105018906302
IEEE Xplore::https://ieeexplore.ieee.org/stamp/stamp.jsp?arnumber=10773664,IEEE Xplore,https://ieeexplore.ieee.org/stamp/stamp.jsp?arnumber=10773664,Dual-Use Commercial and Military Communications on a Single Platform using RAN Domain Specific Language,2024,10.1109/milcom61039.2024.10773664,https://ieeexplore.ieee.org/stamp/stamp.jsp?arnumber=10773664,duplicate,Confirmed exact DOI or publication-identity duplicate,EXACT-0018,Scopus::2-s2.0-85214574788
arXiv::2412.00983,arXiv,2412.00983,Dual-Use Commercial and Military Communications on a Single Platform using RAN Domain Specific Language,2024,,https://arxiv.org/abs/2412.00983,duplicate,Confirmed exact DOI or publication-identity duplicate,EXACT-0018,Scopus::2-s2.0-85214574788
IEEE Xplore::https://ieeexplore.ieee.org/stamp/stamp.jsp?arnumber=10929270,IEEE Xplore,https://ieeexplore.ieee.org/stamp/stamp.jsp?arnumber=10929270,Dynamic Scheduling Strategies for Resource Optimization in Computing Environments,2024,10.1109/eiecc64539.2024.10929270,https://ieeexplore.ieee.org/stamp/stamp.jsp?arnumber=10929270,duplicate,Confirmed exact DOI or publication-identity duplicate,EXACT-0019,Scopus::2-s2.0-105002332842
arXiv::2412.17301,arXiv,2412.17301,Dynamic Scheduling Strategies for Resource Optimization in Computing Environments,2024,,https://arxiv.org/abs/2412.17301,duplicate,Confirmed exact DOI or publication-identity duplicate,EXACT-0019,Scopus::2-s2.0-105002332842
ACM Digital Library::10.1145/3802513.3803486,ACM Digital Library,10.1145/3802513.3803486,EcoKube: Simulating Carbon-Aware Scheduling Policies in Heterogeneous Edge-Cloud Environments,2026,10.1145/3802513.3803486,https://doi.org/10.1145/3802513.3803486,duplicate,Confirmed exact DOI or publication-identity duplicate,EXACT-0020,Scopus::2-s2.0-105039306545
arXiv::2607.09318,arXiv,2607.09318,EcoKube: Simulating Carbon-Aware Scheduling Policies in Heterogeneous Edge-Cloud Environments,2026,10.1145/3802513.3803486,https://arxiv.org/abs/2607.09318,duplicate,Confirmed exact DOI or publication-identity duplicate,EXACT-0020,Scopus::2-s2.0-105039306545
DBLP::journals/iotj/WijayaHWY26,DBLP,journals/iotj/WijayaHWY26,Edge-VisForeCast: Energy-Efficient Predictive Autoscaling for Containerized Crowd Analytics on Constrained IoT Edge Clusters.,2026,10.1109/jiot.2026.3702943,https://dblp.org/rec/journals/iotj/WijayaHWY26,duplicate,Confirmed exact DOI or publication-identity duplicate,EXACT-0021,Scopus::2-s2.0-105041840928
IEEE Xplore::https://ieeexplore.ieee.org/stamp/stamp.jsp?arnumber=11560892,IEEE Xplore,https://ieeexplore.ieee.org/stamp/stamp.jsp?arnumber=11560892,Edge-VisForeCast: Energy-Efficient Predictive Autoscaling for Containerized Crowd Analytics on Constrained IoT Edge Clusters,2026,10.1109/jiot.2026.3702943,https://ieeexplore.ieee.org/stamp/stamp.jsp?arnumber=11560892,duplicate,Confirmed exact DOI or publication-identity duplicate,EXACT-0021,Scopus::2-s2.0-105041840928
DBLP::conf/icc/EddineBOOK25,DBLP,conf/icc/EddineBOOK25,Enabling Power-Awareness for Kubernetes Scheduling Through Multi-Criteria Optimization.,2025,10.1109/icc52391.2025.11160865,https://dblp.org/rec/conf/icc/EddineBOOK25,duplicate,Confirmed exact DOI or publication-identity duplicate,EXACT-0022,Scopus::2-s2.0-105018463799
IEEE Xplore::https://ieeexplore.ieee.org/stamp/stamp.jsp?arnumber=11160865,IEEE Xplore,https://ieeexplore.ieee.org/stamp/stamp.jsp?arnumber=11160865,Enabling Power-Awareness for Kubernetes Scheduling Through Multi-Criteria Optimization,2025,10.1109/icc52391.2025.11160865,https://ieeexplore.ieee.org/stamp/stamp.jsp?arnumber=11160865,duplicate,Confirmed exact DOI or publication-identity duplicate,EXACT-0022,Scopus::2-s2.0-105018463799
DBLP::conf/icin/Lemoine22,DBLP,conf/icin/Lemoine22,Energy Efficiency of N: 1 Protection Setups with Kubernetes Horizontal Pod Autoscaler.,2022,10.1109/icin53892.2022.9758129,https://dblp.org/rec/conf/icin/Lemoine22,duplicate,Confirmed exact DOI or publication-identity duplicate,EXACT-0023,Scopus::2-s2.0-85129572202
IEEE Xplore::https://ieeexplore.ieee.org/stamp/stamp.jsp?arnumber=9758129,IEEE Xplore,https://ieeexplore.ieee.org/stamp/stamp.jsp?arnumber=9758129,Energy Efficiency of N:1 Protection Setups with Kubernetes Horizontal Pod Autoscaler,2022,10.1109/icin53892.2022.9758129,https://ieeexplore.ieee.org/stamp/stamp.jsp?arnumber=9758129,duplicate,Confirmed exact DOI or publication-identity duplicate,EXACT-0023,Scopus::2-s2.0-85129572202
IEEE Xplore::https://ieeexplore.ieee.org/stamp/stamp.jsp?arnumber=10939015,IEEE Xplore,https://ieeexplore.ieee.org/stamp/stamp.jsp?arnumber=10939015,Energy-Aware Joint Orchestration of 5G and Robots: Experimental Testbed and Field Validation,2025,10.1109/tnsm.2025.3555126,https://ieeexplore.ieee.org/stamp/stamp.jsp?arnumber=10939015,duplicate,Confirmed exact DOI or publication-identity duplicate,EXACT-0024,Scopus::2-s2.0-105001295979
arXiv::2503.19613,arXiv,2503.19613,Energy-aware Joint Orchestration of 5G and Robots: Experimental Testbed and Field Validation,2025,10.1109/tnsm.2025.3555126,https://arxiv.org/abs/2503.19613,duplicate,Confirmed exact DOI or publication-identity duplicate,EXACT-0024,Scopus::2-s2.0-105001295979
ACM Digital Library::10.1145/3773274.3774276,ACM Digital Library,10.1145/3773274.3774276,Energy-Aware Latency Optimization for Scheduling Serverless Workload in Edge Computing Environment,2026,10.1145/3773274.3774276,https://doi.org/10.1145/3773274.3774276,duplicate,Confirmed exact DOI or publication-identity duplicate,EXACT-0025,Scopus::2-s2.0-105027150878
DBLP::conf/ucc/SubediKJK25,DBLP,conf/ucc/SubediKJK25,Energy-Aware Latency Optimization for Scheduling Serverless Workload in Edge Computing Environment.,2025,10.1145/3773274.3774276,https://dblp.org/rec/conf/ucc/SubediKJK25,duplicate,Confirmed exact DOI or publication-identity duplicate,EXACT-0025,Scopus::2-s2.0-105027150878
DBLP::conf/ccgrid/AslanpourTC022,DBLP,conf/ccgrid/AslanpourTC022,Energy-Aware Resource Scheduling for Serverless Edge Computing.,2022,10.1109/ccgrid54584.2022.00028,https://dblp.org/rec/conf/ccgrid/AslanpourTC022,duplicate,Confirmed exact DOI or publication-identity duplicate,EXACT-0026,Scopus::2-s2.0-85135757920
IEEE Xplore::https://ieeexplore.ieee.org/stamp/stamp.jsp?arnumber=9826101,IEEE Xplore,https://ieeexplore.ieee.org/stamp/stamp.jsp?arnumber=9826101,Energy-Aware Resource Scheduling for Serverless Edge Computing,2022,10.1109/ccgrid54584.2022.00028,https://ieeexplore.ieee.org/stamp/stamp.jsp?arnumber=9826101,duplicate,Confirmed exact DOI or publication-identity duplicate,EXACT-0026,Scopus::2-s2.0-85135757920
ACM Digital Library::10.1145/3726854.3727284,ACM Digital Library,10.1145/3726854.3727284,Exploiting Kubernetes Autoscaling for Economic Denial of Sustainability,2025,10.1145/3726854.3727284,https://doi.org/10.1145/3726854.3727284,duplicate,Confirmed exact DOI or publication-identity duplicate,EXACT-0027,Scopus::2-s2.0-105010298912
DBLP::conf/sigmetrics/ChamberlainZZLS25,DBLP,conf/sigmetrics/ChamberlainZZLS25,Exploiting Kubernetes Autoscaling for Economic Denial of Sustainability.,2025,10.1145/3726854.3727284,https://dblp.org/rec/conf/sigmetrics/ChamberlainZZLS25,duplicate,Confirmed exact DOI or publication-identity duplicate,EXACT-0027,Scopus::2-s2.0-105010298912
ACM Digital Library::10.1145/3727114,ACM Digital Library,10.1145/3727114,Exploiting Kubernetes Autoscaling for Economic Denial of Sustainability,2025,10.1145/3727114,https://doi.org/10.1145/3727114,duplicate,Confirmed exact DOI or publication-identity duplicate,EXACT-0028,Scopus::2-s2.0-105007159769
DBLP::journals/pomacs/ChamberlainZZLS25,DBLP,journals/pomacs/ChamberlainZZLS25,Exploiting Kubernetes Autoscaling for Economic Denial of Sustainability.,2025,10.1145/3727114,https://dblp.org/rec/journals/pomacs/ChamberlainZZLS25,duplicate,Confirmed exact DOI or publication-identity duplicate,EXACT-0028,Scopus::2-s2.0-105007159769
ACM Digital Library::10.1145/3672608.3707941,ACM Digital Library,10.1145/3672608.3707941,FOA-Energy: A Multi-objective Energy-Aware Scheduling Policy for Serverless-based Edge-Cloud Continuum,2025,10.1145/3672608.3707941,https://doi.org/10.1145/3672608.3707941,duplicate,Confirmed exact DOI or publication-identity duplicate,EXACT-0029,Scopus::2-s2.0-105006439356
DBLP::conf/sac/SilvaGMMT25,DBLP,conf/sac/SilvaGMMT25,FOA-Energy: A Multi-objective Energy-Aware Scheduling Policy for Serverless-based Edge-Cloud Continuum.,2025,10.1145/3672608.3707941,https://dblp.org/rec/conf/sac/SilvaGMMT25,duplicate,Confirmed exact DOI or publication-identity duplicate,EXACT-0029,Scopus::2-s2.0-105006439356
DBLP::journals/tsc/AslanpourTCC24,DBLP,journals/tsc/AslanpourTCC24,Faashouse: Sustainable Serverless Edge Computing Through Energy-Aware Resource Scheduling.,2024,10.1109/tsc.2024.3354296,https://dblp.org/rec/journals/tsc/AslanpourTCC24,duplicate,Confirmed exact DOI or publication-identity duplicate,EXACT-0030,Scopus::2-s2.0-85182925184
IEEE Xplore::https://ieeexplore.ieee.org/stamp/stamp.jsp?arnumber=10400820,IEEE Xplore,https://ieeexplore.ieee.org/stamp/stamp.jsp?arnumber=10400820,Faashouse: Sustainable Serverless Edge Computing Through Energy-Aware Resource Scheduling,2024,10.1109/tsc.2024.3354296,https://ieeexplore.ieee.org/stamp/stamp.jsp?arnumber=10400820,duplicate,Confirmed exact DOI or publication-identity duplicate,EXACT-0030,Scopus::2-s2.0-85182925184
IEEE Xplore::https://ieeexplore.ieee.org/stamp/stamp.jsp?arnumber=10794241,IEEE Xplore,https://ieeexplore.ieee.org/stamp/stamp.jsp?arnumber=10794241,Green Resource Allocation in Cloud-Native O-RAN Enabled Small Cell Networks,2024,10.1109/iccspa61559.2024.10794241,https://ieeexplore.ieee.org/stamp/stamp.jsp?arnumber=10794241,duplicate,Confirmed exact DOI or publication-identity duplicate,EXACT-0031,Scopus::2-s2.0-85212465120
arXiv::2407.11563,arXiv,2407.11563,Green Resource Allocation in Cloud-Native O-RAN Enabled Small Cell Networks,2024,,https://arxiv.org/abs/2407.11563,duplicate,Confirmed exact DOI or publication-identity duplicate,EXACT-0031,Scopus::2-s2.0-85212465120
DBLP::journals/access/MRCGHM25,DBLP,journals/access/MRCGHM25,Green Video Transcoding in Cloud Environments Using Kubernetes: A Framework With Dynamic Renewable Energy Allocation and Priority Scheduling.,2025,10.1109/access.2025.3585615,https://dblp.org/rec/journals/access/MRCGHM25,duplicate,Confirmed exact DOI or publication-identity duplicate,EXACT-0032,Scopus::2-s2.0-105010057693
IEEE Xplore::https://ieeexplore.ieee.org/stamp/stamp.jsp?arnumber=11071283,IEEE Xplore,https://ieeexplore.ieee.org/stamp/stamp.jsp?arnumber=11071283,Green Video Transcoding in Cloud Environments Using Kubernetes: A Framework With Dynamic Renewable Energy Allocation and Priority Scheduling,2025,10.1109/access.2025.3585615,https://ieeexplore.ieee.org/stamp/stamp.jsp?arnumber=11071283,duplicate,Confirmed exact DOI or publication-identity duplicate,EXACT-0032,Scopus::2-s2.0-105010057693
DBLP::conf/cluster/SunXT25,DBLP,conf/cluster/SunXT25,GreenK8s: Green-aware Scheduling for Sustainable Kubernetes Cluster Management.,2025,10.1109/cluster59342.2025.11186459,https://dblp.org/rec/conf/cluster/SunXT25,duplicate,Confirmed exact DOI or publication-identity duplicate,EXACT-0033,Scopus::2-s2.0-105019793817
IEEE Xplore::https://ieeexplore.ieee.org/stamp/stamp.jsp?arnumber=11186459,IEEE Xplore,https://ieeexplore.ieee.org/stamp/stamp.jsp?arnumber=11186459,GreenK8s: Green-aware Scheduling for Sustainable Kubernetes Cluster Management,2025,10.1109/cluster59342.2025.11186459,https://ieeexplore.ieee.org/stamp/stamp.jsp?arnumber=11186459,duplicate,Confirmed exact DOI or publication-identity duplicate,EXACT-0033,Scopus::2-s2.0-105019793817
IEEE Xplore::https://ieeexplore.ieee.org/stamp/stamp.jsp?arnumber=8671554,IEEE Xplore,https://ieeexplore.ieee.org/stamp/stamp.jsp?arnumber=8671554,Heats: Heterogeneity-and Energy-Aware Task-Based Scheduling,2019,10.1109/empdp.2019.8671554,https://ieeexplore.ieee.org/stamp/stamp.jsp?arnumber=8671554,duplicate,Confirmed exact DOI or publication-identity duplicate,EXACT-0034,Scopus::2-s2.0-85063908993
arXiv::1906.11321,arXiv,1906.11321,HEATS: Heterogeneity- and Energy-Aware Task-based Scheduling,2019,,https://arxiv.org/abs/1906.11321,duplicate,Confirmed exact DOI or publication-identity duplicate,EXACT-0034,Scopus::2-s2.0-85063908993
IEEE Xplore::https://ieeexplore.ieee.org/stamp/stamp.jsp?arnumber=11251036,IEEE Xplore,https://ieeexplore.ieee.org/stamp/stamp.jsp?arnumber=11251036,Incremental DRL-Based Resource Management for Dynamic Network Slicing in an Urban-Wide Testbed,2026,10.1109/tnsm.2025.3633927,https://ieeexplore.ieee.org/stamp/stamp.jsp?arnumber=11251036,duplicate,Confirmed exact DOI or publication-identity duplicate,EXACT-0035,Scopus::2-s2.0-105022256092
arXiv::2310.17523,arXiv,2310.17523,Incremental DRL-Based Resource Management for Dynamic Network Slicing in an Urban-Wide Testbed,2025,10.1109/tnsm.2025.3633927,https://arxiv.org/abs/2310.17523,duplicate,Confirmed exact DOI or publication-identity duplicate,EXACT-0035,Scopus::2-s2.0-105022256092
IEEE Xplore::https://ieeexplore.ieee.org/stamp/stamp.jsp?arnumber=10273417,IEEE Xplore,https://ieeexplore.ieee.org/stamp/stamp.jsp?arnumber=10273417,Intelligence-Endogenous Management Platform for Computing and Network Convergence,2024,10.1109/mnet.2023.3321529,https://ieeexplore.ieee.org/stamp/stamp.jsp?arnumber=10273417,duplicate,Confirmed exact DOI or publication-identity duplicate,EXACT-0036,Scopus::2-s2.0-85174814137
arXiv::2308.03450,arXiv,2308.03450,Intelligence-Endogenous Management Platform for Computing and Network Convergence,2023,,https://arxiv.org/abs/2308.03450,duplicate,Confirmed exact DOI or publication-identity duplicate,EXACT-0036,Scopus::2-s2.0-85174814137
ACM Digital Library::3581644.3581649,ACM Digital Library,3581644.3581649,Intent-Based Decentralized Orchestration for Green Energy-Aware Provisioning of Fog-Native Workflows,2023,,,duplicate,Confirmed exact DOI or publication-identity duplicate,EXACT-0037,Scopus::2-s2.0-85143910205
IEEE Xplore::https://ieeexplore.ieee.org/stamp/stamp.jsp?arnumber=9964993,IEEE Xplore,https://ieeexplore.ieee.org/stamp/stamp.jsp?arnumber=9964993,Intent-based Decentralized Orchestration for Green Energy-aware Provisioning of Fog-native Workflows,2022,10.23919/cnsm55787.2022.9964993,https://ieeexplore.ieee.org/stamp/stamp.jsp?arnumber=9964993,duplicate,Confirmed exact DOI or publication-identity duplicate,EXACT-0037,Scopus::2-s2.0-85143910205
DBLP::journals/iotj/KaurGKAA20,DBLP,journals/iotj/KaurGKAA20,KEIDS: Kubernetes-Based Energy and Interference Driven Scheduler for Industrial IoT in Edge-Cloud Ecosystem.,2020,10.1109/jiot.2019.2939534,https://dblp.org/rec/journals/iotj/KaurGKAA20,duplicate,Confirmed exact DOI or publication-identity duplicate,EXACT-0038,Scopus::2-s2.0-85084917974
IEEE Xplore::https://ieeexplore.ieee.org/stamp/stamp.jsp?arnumber=8825476,IEEE Xplore,https://ieeexplore.ieee.org/stamp/stamp.jsp?arnumber=8825476,KEIDS: Kubernetes-Based Energy and Interference Driven Scheduler for Industrial IoT in Edge-Cloud Ecosystem,2020,10.1109/jiot.2019.2939534,https://ieeexplore.ieee.org/stamp/stamp.jsp?arnumber=8825476,duplicate,Confirmed exact DOI or publication-identity duplicate,EXACT-0038,Scopus::2-s2.0-85084917974
DBLP::conf/ucc/GhafouriKBSGD22,DBLP,conf/ucc/GhafouriKBSGD22,Mobile-Kube: Mobility-aware and Energy-efficient Service Orchestration on Kubernetes Edge Servers.,2022,10.1109/ucc56403.2022.00019,https://dblp.org/rec/conf/ucc/GhafouriKBSGD22,duplicate,Confirmed exact DOI or publication-identity duplicate,EXACT-0039,Scopus::2-s2.0-85144946708
IEEE Xplore::https://ieeexplore.ieee.org/stamp/stamp.jsp?arnumber=10061810,IEEE Xplore,https://ieeexplore.ieee.org/stamp/stamp.jsp?arnumber=10061810,Mobile-Kube: Mobility-aware and Energy-efficient Service Orchestration on Kubernetes Edge Servers,2022,10.1109/ucc56403.2022.00019,https://ieeexplore.ieee.org/stamp/stamp.jsp?arnumber=10061810,duplicate,Confirmed exact DOI or publication-identity duplicate,EXACT-0039,Scopus::2-s2.0-85144946708
DBLP::conf/icc/ChavesMMCSSBCRS26,DBLP,conf/icc/ChavesMMCSSBCRS26,NeuroScaler: Towards Energy-Optimal Autoscaling for Container-Based Services.,2026,10.1109/icc59461.2026.11587459,https://dblp.org/rec/conf/icc/ChavesMMCSSBCRS26,duplicate,Confirmed exact DOI or publication-identity duplicate,EXACT-0040,Scopus::2-s2.0-105045422668
IEEE Xplore::https://ieeexplore.ieee.org/stamp/stamp.jsp?arnumber=11587459,IEEE Xplore,https://ieeexplore.ieee.org/stamp/stamp.jsp?arnumber=11587459,NeuroScaler: Towards Energy-Optimal Autoscaling for Container-Based Services,2026,10.1109/icc59461.2026.11587459,https://ieeexplore.ieee.org/stamp/stamp.jsp?arnumber=11587459,duplicate,Confirmed exact DOI or publication-identity duplicate,EXACT-0040,Scopus::2-s2.0-105045422668
DBLP::conf/ccgrid/RaithRDCMFND24,DBLP,conf/ccgrid/RaithRDCMFND24,Opportunistic Energy-Aware Scheduling for Container Orchestration Platforms Using Graph Neural Networks.,2024,10.1109/ccgrid59990.2024.00042,https://dblp.org/rec/conf/ccgrid/RaithRDCMFND24,duplicate,Confirmed exact DOI or publication-identity duplicate,EXACT-0041,Scopus::2-s2.0-85207906604
IEEE Xplore::https://ieeexplore.ieee.org/stamp/stamp.jsp?arnumber=10701405,IEEE Xplore,https://ieeexplore.ieee.org/stamp/stamp.jsp?arnumber=10701405,Opportunistic Energy-Aware Scheduling for Container Orchestration Platforms Using Graph Neural Networks,2024,10.1109/ccgrid59990.2024.00042,https://ieeexplore.ieee.org/stamp/stamp.jsp?arnumber=10701405,duplicate,Confirmed exact DOI or publication-identity duplicate,EXACT-0041,Scopus::2-s2.0-85207906604
ACM Digital Library::10.1145/3297280.3297295,ACM Digital Library,10.1145/3297280.3297295,Oversubscribing micro-clouds with energy-aware containers scheduling,2019,10.1145/3297280.3297295,https://doi.org/10.1145/3297280.3297295,duplicate,Confirmed exact DOI or publication-identity duplicate,EXACT-0042,Scopus::2-s2.0-85065671411
DBLP::conf/sac/MendesSV19,DBLP,conf/sac/MendesSV19,Oversubscribing micro-clouds with energy-aware containers scheduling.,2019,10.1145/3297280.3297295,https://dblp.org/rec/conf/sac/MendesSV19,duplicate,Confirmed exact DOI or publication-identity duplicate,EXACT-0042,Scopus::2-s2.0-85065671411
IEEE Xplore::https://ieeexplore.ieee.org/stamp/stamp.jsp?arnumber=9652084,IEEE Xplore,https://ieeexplore.ieee.org/stamp/stamp.jsp?arnumber=9652084,PerfSim: A Performance Simulator for Cloud Native Microservice Chains,2023,10.1109/tcc.2021.3135757,https://ieeexplore.ieee.org/stamp/stamp.jsp?arnumber=9652084,duplicate,Confirmed exact DOI or publication-identity duplicate,EXACT-0043,Scopus::2-s2.0-85121842188
arXiv::2103.08983,arXiv,2103.08983,PerfSim: A Performance Simulator for Cloud Native Microservice Chains,2021,10.1109/tcc.2021.3135757,https://arxiv.org/abs/2103.08983,duplicate,Confirmed exact DOI or publication-identity duplicate,EXACT-0043,Scopus::2-s2.0-85121842188
IEEE Xplore::https://ieeexplore.ieee.org/stamp/stamp.jsp?arnumber=11044800,IEEE Xplore,https://ieeexplore.ieee.org/stamp/stamp.jsp?arnumber=11044800,Power- and Fragmentation-Aware Online Scheduling for GPU Datacenters,2025,10.1109/ccgrid64434.2025.00015,https://ieeexplore.ieee.org/stamp/stamp.jsp?arnumber=11044800,duplicate,Confirmed exact DOI or publication-identity duplicate,EXACT-0044,Scopus::2-s2.0-105010817541
arXiv::2412.17484,arXiv,2412.17484,Power- and Fragmentation-aware Online Scheduling for GPU Datacenters,2024,10.1109/ccgrid64434.2025.00015,https://arxiv.org/abs/2412.17484,duplicate,Confirmed exact DOI or publication-identity duplicate,EXACT-0044,Scopus::2-s2.0-105010817541
DBLP::conf/apnoms/KimKK17,DBLP,conf/apnoms/KimKK17,Reliable smart energy IoT-cloud service operation with container orchestration.,2017,10.1109/apnoms.2017.8094152,https://dblp.org/rec/conf/apnoms/KimKK17,duplicate,Confirmed exact DOI or publication-identity duplicate,EXACT-0045,Scopus::2-s2.0-85040595328
IEEE Xplore::https://ieeexplore.ieee.org/stamp/stamp.jsp?arnumber=8094152,IEEE Xplore,https://ieeexplore.ieee.org/stamp/stamp.jsp?arnumber=8094152,Reliable smart energy IoT-cloud service operation with container orchestration,2017,10.1109/apnoms.2017.8094152,https://ieeexplore.ieee.org/stamp/stamp.jsp?arnumber=8094152,duplicate,Confirmed exact DOI or publication-identity duplicate,EXACT-0045,Scopus::2-s2.0-85040595328
IEEE Xplore::https://ieeexplore.ieee.org/stamp/stamp.jsp?arnumber=9296769,IEEE Xplore,https://ieeexplore.ieee.org/stamp/stamp.jsp?arnumber=9296769,SDN Enhanced Resource Orchestration of Containerized Edge Applications for Industrial IoT,2020,10.1109/access.2020.3045563,https://ieeexplore.ieee.org/stamp/stamp.jsp?arnumber=9296769,duplicate,Confirmed exact DOI or publication-identity duplicate,EXACT-0046,Scopus::2-s2.0-85098763966
arXiv::1905.12959,arXiv,1905.12959,Orchestrating Service Migration for Low Power MEC-Enabled IoT Devices,2019,10.1109/access.2020.3045563,https://arxiv.org/abs/1905.12959,duplicate,Confirmed exact DOI or publication-identity duplicate,EXACT-0046,Scopus::2-s2.0-85098763966
IEEE Xplore::https://ieeexplore.ieee.org/stamp/stamp.jsp?arnumber=10621159,IEEE Xplore,https://ieeexplore.ieee.org/stamp/stamp.jsp?arnumber=10621159,ScalO-RAN: Energy-aware Network Intelligence Scaling in Open RAN,2024,10.1109/infocom52122.2024.10621159,https://ieeexplore.ieee.org/stamp/stamp.jsp?arnumber=10621159,duplicate,Confirmed exact DOI or publication-identity duplicate,EXACT-0047,Scopus::2-s2.0-85201805636
arXiv::2312.05096,arXiv,2312.05096,ScalO-RAN: Energy-aware Network Intelligence Scaling in Open RAN,2024,,https://arxiv.org/abs/2312.05096,duplicate,Confirmed exact DOI or publication-identity duplicate,EXACT-0047,Scopus::2-s2.0-85201805636
DBLP::conf/jcc/IseMHMM25,DBLP,conf/jcc/IseMHMM25,Scalability and Versatility of Energy-Aware Workload Allocation Optimizer (WAO) on Kubernetes.,2025,10.1109/jcc67032.2025.00011,https://dblp.org/rec/conf/jcc/IseMHMM25,duplicate,Confirmed exact DOI or publication-identity duplicate,EXACT-0048,Scopus::2-s2.0-105016156052
IEEE Xplore::https://ieeexplore.ieee.org/stamp/stamp.jsp?arnumber=11124162,IEEE Xplore,https://ieeexplore.ieee.org/stamp/stamp.jsp?arnumber=11124162,Scalability and Versatility of Energy-Aware Workload Allocation Optimizer (WAO) on Kubernetes,2025,10.1109/jcc67032.2025.00011,https://ieeexplore.ieee.org/stamp/stamp.jsp?arnumber=11124162,duplicate,Confirmed exact DOI or publication-identity duplicate,EXACT-0048,Scopus::2-s2.0-105016156052
IEEE Xplore::https://ieeexplore.ieee.org/stamp/stamp.jsp?arnumber=11641670,IEEE Xplore,https://ieeexplore.ieee.org/stamp/stamp.jsp?arnumber=11641670,Securing the Future of IoMT in the Post-Quantum Era: An Edge-Native Federated Learning Approach,2026,10.1109/miot.2026.3704922,https://ieeexplore.ieee.org/stamp/stamp.jsp?arnumber=11641670,duplicate,Confirmed exact DOI or publication-identity duplicate,EXACT-0049,Scopus::2-s2.0-105047054671
arXiv::2606.14515,arXiv,2606.14515,Securing the Future of IoMT in the Post-Quantum Era: An Edge-Native Federated Learning Approach,2026,,https://arxiv.org/abs/2606.14515,duplicate,Confirmed exact DOI or publication-identity duplicate,EXACT-0049,Scopus::2-s2.0-105047054671
IEEE Xplore::https://ieeexplore.ieee.org/stamp/stamp.jsp?arnumber=11344169,IEEE Xplore,https://ieeexplore.ieee.org/stamp/stamp.jsp?arnumber=11344169,Self-adaptive Multi-Access Edge Architectures: A Robotics Case,2025,10.1109/cbdcom68404.2025.00029,https://ieeexplore.ieee.org/stamp/stamp.jsp?arnumber=11344169,duplicate,Confirmed exact DOI or publication-identity duplicate,EXACT-0050,Scopus::2-s2.0-105033530493
arXiv::2604.13542,arXiv,2604.13542,Self-adaptive Multi-Access Edge Architectures: A Robotics Case,2026,,https://arxiv.org/abs/2604.13542,duplicate,Confirmed exact DOI or publication-identity duplicate,EXACT-0050,Scopus::2-s2.0-105033530493
DBLP::conf/smartcloud/GhafouriAD23,DBLP,conf/smartcloud/GhafouriAD23,Smart-Kube: Energy-Aware and Fair Kubernetes Job Scheduler Using Deep Reinforcement Learning.,2023,10.1109/smartcloud58862.2023.00035,https://dblp.org/rec/conf/smartcloud/GhafouriAD23,duplicate,Confirmed exact DOI or publication-identity duplicate,EXACT-0051,Scopus::2-s2.0-85183320073
IEEE Xplore::https://ieeexplore.ieee.org/stamp/stamp.jsp?arnumber=10349157,IEEE Xplore,https://ieeexplore.ieee.org/stamp/stamp.jsp?arnumber=10349157,Smart-Kube: Energy-Aware and Fair Kubernetes Job Scheduler Using Deep Reinforcement Learning,2023,10.1109/smartcloud58862.2023.00035,https://ieeexplore.ieee.org/stamp/stamp.jsp?arnumber=10349157,duplicate,Confirmed exact DOI or publication-identity duplicate,EXACT-0051,Scopus::2-s2.0-85183320073
ACM Digital Library::10.1145/3731599.3767583,ACM Digital Library,10.1145/3731599.3767583,State Machine Orchestration of an HPC Workflow in Cloud,2025,10.1145/3731599.3767583,https://doi.org/10.1145/3731599.3767583,duplicate,Confirmed exact DOI or publication-identity duplicate,EXACT-0052,Scopus::2-s2.0-105023391565
IEEE Xplore::https://ieeexplore.ieee.org/stamp/stamp.jsp?arnumber=11358052,IEEE Xplore,https://ieeexplore.ieee.org/stamp/stamp.jsp?arnumber=11358052,State Machine Orchestration of an HPC Workflow in Cloud,2025,,https://ieeexplore.ieee.org/stamp/stamp.jsp?arnumber=11358052,duplicate,Confirmed exact DOI or publication-identity duplicate,EXACT-0052,Scopus::2-s2.0-105023391565
DBLP::conf/msn/WeiLCZQ22,DBLP,conf/msn/WeiLCZQ22,Towards Energy-efficient Container Data Center: An Online Migratability-aware Orchestrator.,2022,10.1109/msn57253.2022.00100,https://dblp.org/rec/conf/msn/WeiLCZQ22,duplicate,Confirmed exact DOI or publication-identity duplicate,EXACT-0053,Scopus::2-s2.0-85152270159
IEEE Xplore::https://ieeexplore.ieee.org/stamp/stamp.jsp?arnumber=10076649,IEEE Xplore,https://ieeexplore.ieee.org/stamp/stamp.jsp?arnumber=10076649,Towards Energy-efficient Container Data Center: An Online Migratability-aware Orchestrator,2022,10.1109/msn57253.2022.00100,https://ieeexplore.ieee.org/stamp/stamp.jsp?arnumber=10076649,duplicate,Confirmed exact DOI or publication-identity duplicate,EXACT-0053,Scopus::2-s2.0-85152270159
DBLP::conf/icnp/PandaRB21,DBLP,conf/icnp/PandaRB21,pMACH: Power and Migration Aware Container scHeduling.,2021,10.1109/icnp52444.2021.9651911,https://dblp.org/rec/conf/icnp/PandaRB21,duplicate,Confirmed exact DOI or publication-identity duplicate,EXACT-0054,Scopus::2-s2.0-85124190644
IEEE Xplore::https://ieeexplore.ieee.org/stamp/stamp.jsp?arnumber=9651911,IEEE Xplore,https://ieeexplore.ieee.org/stamp/stamp.jsp?arnumber=9651911,pMACH: Power and Migration Aware Container scHeduling,2021,10.1109/icnp52444.2021.9651911,https://ieeexplore.ieee.org/stamp/stamp.jsp?arnumber=9651911,duplicate,Confirmed exact DOI or publication-identity duplicate,EXACT-0054,Scopus::2-s2.0-85124190644
IEEE Xplore::https://ieeexplore.ieee.org/stamp/stamp.jsp?arnumber=8717831,IEEE Xplore,https://ieeexplore.ieee.org/stamp/stamp.jsp?arnumber=8717831,5G Smart City Vertical Slice,2019,,https://ieeexplore.ieee.org/stamp/stamp.jsp?arnumber=8717831,duplicate,Confirmed exact DOI or publication-identity duplicate,EXACT-0058,Scopus::2-s2.0-85067021441
IEEE Xplore::https://ieeexplore.ieee.org/stamp/stamp.jsp?arnumber=11293056,IEEE Xplore,https://ieeexplore.ieee.org/stamp/stamp.jsp?arnumber=11293056,6G Autonomous Radio Access Network Empowered by Artificial Intelligence and Network Digital Twin,2025,10.1631/fitee.2400569,https://ieeexplore.ieee.org/stamp/stamp.jsp?arnumber=11293056,duplicate,Confirmed exact DOI or publication-identity duplicate,EXACT-0060,Scopus::2-s2.0-86000378966
Scopus::2-s2.0-105024940970,Scopus,2-s2.0-105024940970,A Capability Improvement Strategy Based on the Integration of Computer Algorithms and Power Data Analysis Components and Microservices,2025,10.1109/incsst64791.2025.11210255,https://www.scopus.com/pages/publications/105024940970?origin=resultslist,duplicate,Confirmed exact DOI or publication-identity duplicate,EXACT-0062,IEEE Xplore::https://ieeexplore.ieee.org/stamp/stamp.jsp?arnumber=11210255
IEEE Xplore::https://ieeexplore.ieee.org/stamp/stamp.jsp?arnumber=11415783,IEEE Xplore,https://ieeexplore.ieee.org/stamp/stamp.jsp?arnumber=11415783,A Case Study for Vulnerable Road Users Protection: Systematic Approach for Managing and Scheduling C-ITS Workloads in Heterogeneous Clusters,2025,10.1109/wf-pst65083.2025.00021,https://ieeexplore.ieee.org/stamp/stamp.jsp?arnumber=11415783,duplicate,Confirmed exact DOI or publication-identity duplicate,EXACT-0063,Scopus::2-s2.0-105035596841
IEEE Xplore::https://ieeexplore.ieee.org/stamp/stamp.jsp?arnumber=9838376,IEEE Xplore,https://ieeexplore.ieee.org/stamp/stamp.jsp?arnumber=9838376,A Cloud Native SLA-Driven Stochastic Federated Learning Policy for 6G Zero-Touch Network Slicing,2022,10.1109/icc45855.2022.9838376,https://ieeexplore.ieee.org/stamp/stamp.jsp?arnumber=9838376,duplicate,Confirmed exact DOI or publication-identity duplicate,EXACT-0064,Scopus::2-s2.0-85137263145
IEEE Xplore::https://ieeexplore.ieee.org/stamp/stamp.jsp?arnumber=9689034,IEEE Xplore,https://ieeexplore.ieee.org/stamp/stamp.jsp?arnumber=9689034,A Cloud Resource Prediction and Migration Method for Container Scheduling,2021,10.1109/tocs53301.2021.9689034,https://ieeexplore.ieee.org/stamp/stamp.jsp?arnumber=9689034,duplicate,Confirmed exact DOI or publication-identity duplicate,EXACT-0065,Scopus::2-s2.0-85125042226
IEEE Xplore::https://ieeexplore.ieee.org/stamp/stamp.jsp?arnumber=11552043,IEEE Xplore,https://ieeexplore.ieee.org/stamp/stamp.jsp?arnumber=11552043,A Cloud-Native Multi-GPU Accelerated Deep Reinforcement Learning Framework for Real-Time Dispatch of Large-Scale Power Systems,2026,10.1109/ceepe69795.2026.11552043,https://ieeexplore.ieee.org/stamp/stamp.jsp?arnumber=11552043,duplicate,Confirmed exact DOI or publication-identity duplicate,EXACT-0066,Scopus::2-s2.0-105042927017
arXiv::2502.04039,arXiv,2502.04039,A Cloud-native Agile approach to cyber platform prototyping and integration for astronomy: the ENGAGE SKA case,2025,10.1088/1748-0221/20/07/t07004,https://arxiv.org/abs/2502.04039,duplicate,Confirmed exact DOI or publication-identity duplicate,EXACT-0067,Scopus::2-s2.0-105010563818
IEEE Xplore::https://ieeexplore.ieee.org/stamp/stamp.jsp?arnumber=10802443,IEEE Xplore,https://ieeexplore.ieee.org/stamp/stamp.jsp?arnumber=10802443,A Comprehensive Modeling and Scheduling Approach for Allocating Distributed Multi-Robot Software to the Edge/Cloud,2024,10.1109/iros58592.2024.10802443,https://ieeexplore.ieee.org/stamp/stamp.jsp?arnumber=10802443,duplicate,Confirmed exact DOI or publication-identity duplicate,EXACT-0068,Scopus::2-s2.0-85216490678
IEEE Xplore::https://ieeexplore.ieee.org/stamp/stamp.jsp?arnumber=11399335,IEEE Xplore,https://ieeexplore.ieee.org/stamp/stamp.jsp?arnumber=11399335,A Comprehensive Survey and Taxonomy of Autoscaling Techniques in Cloud and Edge Environments,2025,10.1109/ictaacs69003.2025.11399335,https://ieeexplore.ieee.org/stamp/stamp.jsp?arnumber=11399335,duplicate,Confirmed exact DOI or publication-identity duplicate,EXACT-0069,Scopus::2-s2.0-105035745181
Scopus::2-s2.0-105022715958,Scopus,2-s2.0-105022715958,A Container-Orchestrated Parallel Processing Framework for Efficient Geological Environment Data Analytics,2025,10.1109/hpcc67675.2025.00072,https://www.scopus.com/pages/publications/105022715958?origin=resultslist,duplicate,Confirmed exact DOI or publication-identity duplicate,EXACT-0070,IEEE Xplore::https://ieeexplore.ieee.org/stamp/stamp.jsp?arnumber=11207278
IEEE Xplore::https://ieeexplore.ieee.org/stamp/stamp.jsp?arnumber=9568376,IEEE Xplore,https://ieeexplore.ieee.org/stamp/stamp.jsp?arnumber=9568376,A Container-based Design Methodology for Robotic Applications on Kubernetes Edge-Cloud architectures,2021,10.1109/fdl53530.2021.9568376,https://ieeexplore.ieee.org/stamp/stamp.jsp?arnumber=9568376,duplicate,Confirmed exact DOI or publication-identity duplicate,EXACT-0071,Scopus::2-s2.0-85118893793
ACM Digital Library::10.1145/3594539,ACM Digital Library,10.1145/3594539,A Design Flow Based on Docker and Kubernetes for ROS-based Robotic Software Applications,2024,10.1145/3594539,https://doi.org/10.1145/3594539,duplicate,Confirmed exact DOI or publication-identity duplicate,EXACT-0072,Scopus::2-s2.0-85204071536
IEEE Xplore::https://ieeexplore.ieee.org/stamp/stamp.jsp?arnumber=11579717,IEEE Xplore,https://ieeexplore.ieee.org/stamp/stamp.jsp?arnumber=11579717,A Framework to Solving Interoperability and Scalability Challenges in Industrial Internet of Things (IIoT),2025,10.1109/asiancomnet68615.2025.11579717,https://ieeexplore.ieee.org/stamp/stamp.jsp?arnumber=11579717,duplicate,Confirmed exact DOI or publication-identity duplicate,EXACT-0073,Scopus::2-s2.0-105044459246
IEEE Xplore::https://ieeexplore.ieee.org/stamp/stamp.jsp?arnumber=9645367,IEEE Xplore,https://ieeexplore.ieee.org/stamp/stamp.jsp?arnumber=9645367,A Global Cost-Aware Container Scheduling Strategy in Cloud Data Centers,2022,10.1109/tpds.2021.3133868,https://ieeexplore.ieee.org/stamp/stamp.jsp?arnumber=9645367,duplicate,Confirmed exact DOI or publication-identity duplicate,EXACT-0074,Scopus::2-s2.0-85121338726
IEEE Xplore::https://ieeexplore.ieee.org/stamp/stamp.jsp?arnumber=10971939,IEEE Xplore,https://ieeexplore.ieee.org/stamp/stamp.jsp?arnumber=10971939,A Green Cloud-Based Framework for Energy-Efficient Task Scheduling Using Carbon Intensity Data for Heterogeneous Cloud Servers,2025,10.1109/access.2025.3562882,https://ieeexplore.ieee.org/stamp/stamp.jsp?arnumber=10971939,duplicate,Confirmed exact DOI or publication-identity duplicate,EXACT-0075,Scopus::2-s2.0-105003624740
IEEE Xplore::https://ieeexplore.ieee.org/stamp/stamp.jsp?arnumber=11349644,IEEE Xplore,https://ieeexplore.ieee.org/stamp/stamp.jsp?arnumber=11349644,A Hierarchical Multi-Agent Reinforcement Learning Approach for Adaptive Observability,2025,10.1109/nfv-sdn66355.2025.11349644,https://ieeexplore.ieee.org/stamp/stamp.jsp?arnumber=11349644,duplicate,Confirmed exact DOI or publication-identity duplicate,EXACT-0076,Scopus::2-s2.0-105033363333
IEEE Xplore::https://ieeexplore.ieee.org/stamp/stamp.jsp?arnumber=11519045,IEEE Xplore,https://ieeexplore.ieee.org/stamp/stamp.jsp?arnumber=11519045,A Hybrid Framework for Quality of Service (HyQoS) - Driven Container Scheduling in Multi-Tenant Cloud Kubernetes Deployments,2026,10.1109/rmkmate69073.2026.11519045,https://ieeexplore.ieee.org/stamp/stamp.jsp?arnumber=11519045,duplicate,Confirmed exact DOI or publication-identity duplicate,EXACT-0077,Scopus::2-s2.0-105041675574
IEEE Xplore::https://ieeexplore.ieee.org/stamp/stamp.jsp?arnumber=11203438,IEEE Xplore,https://ieeexplore.ieee.org/stamp/stamp.jsp?arnumber=11203438,A Lightweight Kubernetes Based Architecture for Deploying Transactive Energy Systems,2025,10.1109/sege65970.2025.11203438,https://ieeexplore.ieee.org/stamp/stamp.jsp?arnumber=11203438,duplicate,Confirmed exact DOI or publication-identity duplicate,EXACT-0078,Scopus::2-s2.0-105021821823
IEEE Xplore::https://ieeexplore.ieee.org/stamp/stamp.jsp?arnumber=9952265,IEEE Xplore,https://ieeexplore.ieee.org/stamp/stamp.jsp?arnumber=9952265,A Machine Learning Process-based Training Task Execution Method in the Field of Power Grid Regulation,2022,10.1109/acfpe56003.2022.9952265,https://ieeexplore.ieee.org/stamp/stamp.jsp?arnumber=9952265,duplicate,Confirmed exact DOI or publication-identity duplicate,EXACT-0079,Scopus::2-s2.0-85143826303
ACM Digital Library::10.1145/3689236.3696171,ACM Digital Library,10.1145/3689236.3696171,A Method for Optimizing Elastic Scaling Resources of Private Cloud in Digital Grid,2024,10.1145/3689236.3696171,https://doi.org/10.1145/3689236.3696171,duplicate,Confirmed exact DOI or publication-identity duplicate,EXACT-0080,Scopus::2-s2.0-85215509647
IEEE Xplore::https://ieeexplore.ieee.org/stamp/stamp.jsp?arnumber=10615948,IEEE Xplore,https://ieeexplore.ieee.org/stamp/stamp.jsp?arnumber=10615948,"A Monitoring, Observability and Analytics Framework to Improve the Sustainability of B5G Technologies",2024,10.1109/iccworkshops59551.2024.10615948,https://ieeexplore.ieee.org/stamp/stamp.jsp?arnumber=10615948,duplicate,Confirmed exact DOI or publication-identity duplicate,EXACT-0081,Scopus::2-s2.0-85202432426
IEEE Xplore::https://ieeexplore.ieee.org/stamp/stamp.jsp?arnumber=10017609,IEEE Xplore,https://ieeexplore.ieee.org/stamp/stamp.jsp?arnumber=10017609,A New Algorithm for Energy Efficient Task Scheduling Towards Optimal Green Cloud Computing,2022,10.1109/aiccsa56895.2022.10017609,https://ieeexplore.ieee.org/stamp/stamp.jsp?arnumber=10017609,duplicate,Confirmed exact DOI or publication-identity duplicate,EXACT-0082,Scopus::2-s2.0-85147024394
IEEE Xplore::https://ieeexplore.ieee.org/stamp/stamp.jsp?arnumber=10457850,IEEE Xplore,https://ieeexplore.ieee.org/stamp/stamp.jsp?arnumber=10457850,A Novel Approach for Scalable and Sustainable 6G Networks,2024,10.1109/ojcoms.2024.3372426,https://ieeexplore.ieee.org/stamp/stamp.jsp?arnumber=10457850,duplicate,Confirmed exact DOI or publication-identity duplicate,EXACT-0083,Scopus::2-s2.0-85186964508
IEEE Xplore::https://ieeexplore.ieee.org/stamp/stamp.jsp?arnumber=10235497,IEEE Xplore,https://ieeexplore.ieee.org/stamp/stamp.jsp?arnumber=10235497,A Review of Kubernetes Scheduling and Load Balancing Methods,2023,10.1109/ispds58840.2023.10235497,https://ieeexplore.ieee.org/stamp/stamp.jsp?arnumber=10235497,duplicate,Confirmed exact DOI or publication-identity duplicate,EXACT-0084,Scopus::2-s2.0-85172888120
IEEE Xplore::https://ieeexplore.ieee.org/stamp/stamp.jsp?arnumber=11294211,IEEE Xplore,https://ieeexplore.ieee.org/stamp/stamp.jsp?arnumber=11294211,A Scalable DevOps Framework Using Kubernetes-Orchestrated Microservices for Cloud-Native Infrastructure,2025,10.1109/csitss67709.2025.11294211,https://ieeexplore.ieee.org/stamp/stamp.jsp?arnumber=11294211,duplicate,Confirmed exact DOI or publication-identity duplicate,EXACT-0085,Scopus::2-s2.0-105031363910
IEEE Xplore::https://ieeexplore.ieee.org/stamp/stamp.jsp?arnumber=11382839,IEEE Xplore,https://ieeexplore.ieee.org/stamp/stamp.jsp?arnumber=11382839,"A Security-Constrained, Energy-Aware Hybrid ML Framework for Cloud Data Centers using Public Datasets",2025,10.1109/iceca66444.2025.11382839,https://ieeexplore.ieee.org/stamp/stamp.jsp?arnumber=11382839,duplicate,Confirmed exact DOI or publication-identity duplicate,EXACT-0086,Scopus::2-s2.0-105034841992
IEEE Xplore::https://ieeexplore.ieee.org/stamp/stamp.jsp?arnumber=11326460,IEEE Xplore,https://ieeexplore.ieee.org/stamp/stamp.jsp?arnumber=11326460,A Serverless Quantization-as-a-Service Model to Run Compression Jobs for Edge Intelligence,2025,10.1109/iscc65549.2025.11326460,https://ieeexplore.ieee.org/stamp/stamp.jsp?arnumber=11326460,duplicate,Confirmed exact DOI or publication-identity duplicate,EXACT-0087,Scopus::2-s2.0-105032740966
IEEE Xplore::https://ieeexplore.ieee.org/stamp/stamp.jsp?arnumber=11522673,IEEE Xplore,https://ieeexplore.ieee.org/stamp/stamp.jsp?arnumber=11522673,A Service-Integrated Web Framework Supporting Reliability Tracing in Smart Distribution Networks,2026,10.13052/jwe1540-9589.2541,https://ieeexplore.ieee.org/stamp/stamp.jsp?arnumber=11522673,duplicate,Confirmed exact DOI or publication-identity duplicate,EXACT-0088,Scopus::2-s2.0-105041056977
IEEE Xplore::https://ieeexplore.ieee.org/stamp/stamp.jsp?arnumber=11273401,IEEE Xplore,https://ieeexplore.ieee.org/stamp/stamp.jsp?arnumber=11273401,A Survey of Energy Efficiency for Kubernetes Clusters,2025,10.1109/sita67914.2025.11273401,https://ieeexplore.ieee.org/stamp/stamp.jsp?arnumber=11273401,duplicate,Confirmed exact DOI or publication-identity duplicate,EXACT-0089,Scopus::2-s2.0-105030481850
arXiv::2508.05949,arXiv,2508.05949,A Survey on Task Scheduling in Carbon-Aware Container Orchestration,2025,,https://arxiv.org/abs/2508.05949,duplicate,Confirmed exact DOI or publication-identity duplicate,EXACT-0090,DBLP::journals/corr/abs-2508-05949
IEEE Xplore::https://ieeexplore.ieee.org/stamp/stamp.jsp?arnumber=9696850,IEEE Xplore,https://ieeexplore.ieee.org/stamp/stamp.jsp?arnumber=9696850,A Task Priority-based Resource Scheduling Algorithm for Container-based Clouds,2021,10.1109/icesit53460.2021.9696850,https://ieeexplore.ieee.org/stamp/stamp.jsp?arnumber=9696850,duplicate,Confirmed exact DOI or publication-identity duplicate,EXACT-0091,Scopus::2-s2.0-85126528859
IEEE Xplore::https://ieeexplore.ieee.org/stamp/stamp.jsp?arnumber=11347406,IEEE Xplore,https://ieeexplore.ieee.org/stamp/stamp.jsp?arnumber=11347406,A Twin-Resource Dynamic Management Method for Automation Substation Training,2025,10.1109/icpics66386.2025.11347406,https://ieeexplore.ieee.org/stamp/stamp.jsp?arnumber=11347406,duplicate,Confirmed exact DOI or publication-identity duplicate,EXACT-0092,Scopus::2-s2.0-105034481941
IEEE Xplore::https://ieeexplore.ieee.org/stamp/stamp.jsp?arnumber=10136948,IEEE Xplore,https://ieeexplore.ieee.org/stamp/stamp.jsp?arnumber=10136948,A containerized distributed processing platform for autonomous surface vehicles: preliminary results for marine litter detection,2023,10.1109/pdp59025.2023.00029,https://ieeexplore.ieee.org/stamp/stamp.jsp?arnumber=10136948,duplicate,Confirmed exact DOI or publication-identity duplicate,EXACT-0093,Scopus::2-s2.0-85162190505
IEEE Xplore::https://ieeexplore.ieee.org/stamp/stamp.jsp?arnumber=11346190,IEEE Xplore,https://ieeexplore.ieee.org/stamp/stamp.jsp?arnumber=11346190,A literature review on Cloud-Devops synergy for scalable and reliable machine learning lifecycle management,2025,10.1109/icsss66939.2025.11346190,https://ieeexplore.ieee.org/stamp/stamp.jsp?arnumber=11346190,duplicate,Confirmed exact DOI or publication-identity duplicate,EXACT-0094,Scopus::2-s2.0-105033150218
DBLP::conf/ict4s/JamesS19,DBLP,conf/ict4s/JamesS19,A Low Carbon Kubernetes Scheduler.,2019,,https://dblp.org/rec/conf/ict4s/JamesS19,duplicate,Confirmed exact DOI or publication-identity duplicate,EXACT-0095,Scopus::2-s2.0-85067802264
ACM Digital Library::10.1145/3625549.3658832,ACM Digital Library,10.1145/3625549.3658832,A runtime infrastructure for the Continuum of Computing,2024,10.1145/3625549.3658832,https://doi.org/10.1145/3625549.3658832,duplicate,Confirmed exact DOI or publication-identity duplicate,EXACT-0096,Scopus::2-s2.0-85204933556
IEEE Xplore::https://ieeexplore.ieee.org/stamp/stamp.jsp?arnumber=10001214,IEEE Xplore,https://ieeexplore.ieee.org/stamp/stamp.jsp?arnumber=10001214,AHP4HPA: An AHP-based Autoscaling Framework for Kubernetes Clusters at the Network Edge,2022,10.1109/globecom48099.2022.10001214,https://ieeexplore.ieee.org/stamp/stamp.jsp?arnumber=10001214,duplicate,Confirmed exact DOI or publication-identity duplicate,EXACT-0098,Scopus::2-s2.0-85146934872
IEEE Xplore::https://ieeexplore.ieee.org/stamp/stamp.jsp?arnumber=11295090,IEEE Xplore,https://ieeexplore.ieee.org/stamp/stamp.jsp?arnumber=11295090,AI and Cloud Computing in Business Systems: A Hybrid Model for Enhancing Enterprise Resource Planning,2025,10.1109/csitss67709.2025.11295090,https://ieeexplore.ieee.org/stamp/stamp.jsp?arnumber=11295090,duplicate,Confirmed exact DOI or publication-identity duplicate,EXACT-0099,Scopus::2-s2.0-105031408536
IEEE Xplore::https://ieeexplore.ieee.org/stamp/stamp.jsp?arnumber=11320511,IEEE Xplore,https://ieeexplore.ieee.org/stamp/stamp.jsp?arnumber=11320511,AI for Sustainable Data Engineering: Optimizing Distributed Training Workloads with Cloud-Native Automation,2025,10.1109/isai-nlp66160.2025.11320511,https://ieeexplore.ieee.org/stamp/stamp.jsp?arnumber=11320511,duplicate,Confirmed exact DOI or publication-identity duplicate,EXACT-0100,Scopus::2-s2.0-105032727344
IEEE Xplore::https://ieeexplore.ieee.org/stamp/stamp.jsp?arnumber=11568339,IEEE Xplore,https://ieeexplore.ieee.org/stamp/stamp.jsp?arnumber=11568339,AI-Augmented Chaos Testing: Toward Intelligent Resilience Engineering in Cloud-Native Systems (2025),2026,10.1109/icsedi66420.2026.11568339,https://ieeexplore.ieee.org/stamp/stamp.jsp?arnumber=11568339,duplicate,Confirmed exact DOI or publication-identity duplicate,EXACT-0101,Scopus::2-s2.0-105044168024
IEEE Xplore::https://ieeexplore.ieee.org/stamp/stamp.jsp?arnumber=11465399,IEEE Xplore,https://ieeexplore.ieee.org/stamp/stamp.jsp?arnumber=11465399,AI-Driven Cross-Layer Optimization of Hybrid Optical-Wireless 5G Transport Systems,2026,10.1109/iatmsi68868.2026.11465399,https://ieeexplore.ieee.org/stamp/stamp.jsp?arnumber=11465399,duplicate,Confirmed exact DOI or publication-identity duplicate,EXACT-0102,Scopus::2-s2.0-105037011260
Scopus::2-s2.0-105032836903,Scopus,2-s2.0-105032836903,AI-Driven Customer Retention System for Quick-Commerce Platforms: A Comparative Case of Blinkit and BigBasket,2025,10.1109/ictbig68706.2025.11323912,https://www.scopus.com/pages/publications/105032836903?origin=resultslist,duplicate,Confirmed exact DOI or publication-identity duplicate,EXACT-0103,IEEE Xplore::https://ieeexplore.ieee.org/stamp/stamp.jsp?arnumber=11323912
IEEE Xplore::https://ieeexplore.ieee.org/stamp/stamp.jsp?arnumber=11252450,IEEE Xplore,https://ieeexplore.ieee.org/stamp/stamp.jsp?arnumber=11252450,AI-Driven Enterprise Architecture for Scalable Cloud Applications,2025,10.1109/icriset64803.2025.11252450,https://ieeexplore.ieee.org/stamp/stamp.jsp?arnumber=11252450,duplicate,Confirmed exact DOI or publication-identity duplicate,EXACT-0104,Scopus::2-s2.0-105031411248
IEEE Xplore::https://ieeexplore.ieee.org/stamp/stamp.jsp?arnumber=11114000,IEEE Xplore,https://ieeexplore.ieee.org/stamp/stamp.jsp?arnumber=11114000,AI-Driven Predictive Auto-Scaling for Efficient Microservices Deployment in Cloud Data Centers using LSTM and Kubernetes HPA,2025,10.1109/icoeca66273.2025.00151,https://ieeexplore.ieee.org/stamp/stamp.jsp?arnumber=11114000,duplicate,Confirmed exact DOI or publication-identity duplicate,EXACT-0105,Scopus::2-s2.0-105015482949
IEEE Xplore::https://ieeexplore.ieee.org/stamp/stamp.jsp?arnumber=11080631,IEEE Xplore,https://ieeexplore.ieee.org/stamp/stamp.jsp?arnumber=11080631,AI-Driven Self-Healing in Cloud-Native 6G Networks Through Dynamic Server Scaling,2025,10.1109/netsoft64993.2025.11080631,https://ieeexplore.ieee.org/stamp/stamp.jsp?arnumber=11080631,duplicate,Confirmed exact DOI or publication-identity duplicate,EXACT-0106,Scopus::2-s2.0-105012574038
IEEE Xplore::https://ieeexplore.ieee.org/stamp/stamp.jsp?arnumber=11193894,IEEE Xplore,https://ieeexplore.ieee.org/stamp/stamp.jsp?arnumber=11193894,AI-Driven Zero-Touch Containerized Network Functions Optimization for 6G Networks Using Network Data Analytics Components,2025,10.1109/blackseacom65655.2025.11193894,https://ieeexplore.ieee.org/stamp/stamp.jsp?arnumber=11193894,duplicate,Confirmed exact DOI or publication-identity duplicate,EXACT-0107,Scopus::2-s2.0-105021003419
IEEE Xplore::https://ieeexplore.ieee.org/stamp/stamp.jsp?arnumber=11484430,IEEE Xplore,https://ieeexplore.ieee.org/stamp/stamp.jsp?arnumber=11484430,Adaptive Cloud-Native Architectures for Scalable and Energy-Efficient Smart Manufacturing Systems,2026,10.1109/imed68921.2026.11484430,https://ieeexplore.ieee.org/stamp/stamp.jsp?arnumber=11484430,duplicate,Confirmed exact DOI or publication-identity duplicate,EXACT-0108,Scopus::2-s2.0-105038320250
IEEE Xplore::https://ieeexplore.ieee.org/stamp/stamp.jsp?arnumber=10271208,IEEE Xplore,https://ieeexplore.ieee.org/stamp/stamp.jsp?arnumber=10271208,Adaptive Container Orchestration Mechanism on Electric Power Supercomputing Clouds,2023,10.1109/isceic59030.2023.10271208,https://ieeexplore.ieee.org/stamp/stamp.jsp?arnumber=10271208,duplicate,Confirmed exact DOI or publication-identity duplicate,EXACT-0109,Scopus::2-s2.0-85175640720
IEEE Xplore::https://ieeexplore.ieee.org/stamp/stamp.jsp?arnumber=11153453,IEEE Xplore,https://ieeexplore.ieee.org/stamp/stamp.jsp?arnumber=11153453,Adaptive Energy Optimization in Cloud Computing Through Containerization,2025,10.1109/access.2025.3606932,https://ieeexplore.ieee.org/stamp/stamp.jsp?arnumber=11153453,duplicate,Confirmed exact DOI or publication-identity duplicate,EXACT-0110,Scopus::2-s2.0-105015664936
IEEE Xplore::https://ieeexplore.ieee.org/stamp/stamp.jsp?arnumber=11483571,IEEE Xplore,https://ieeexplore.ieee.org/stamp/stamp.jsp?arnumber=11483571,Adaptive QoS-Aware Smart Grid Communication using Cloud-Native Deep Reinforcement Learning,2026,10.1109/iciics67880.2026.11483571,https://ieeexplore.ieee.org/stamp/stamp.jsp?arnumber=11483571,duplicate,Confirmed exact DOI or publication-identity duplicate,EXACT-0111,Scopus::2-s2.0-105042793879
IEEE Xplore::https://ieeexplore.ieee.org/stamp/stamp.jsp?arnumber=11336962,IEEE Xplore,https://ieeexplore.ieee.org/stamp/stamp.jsp?arnumber=11336962,Adaptive Resource Management in Cloud-Native Databases: A Study of Autonomous Scaling and Query Optimization,2025,10.1109/icces67310.2025.11336962,https://ieeexplore.ieee.org/stamp/stamp.jsp?arnumber=11336962,duplicate,Confirmed exact DOI or publication-identity duplicate,EXACT-0112,Scopus::2-s2.0-105033529330
IEEE Xplore::https://ieeexplore.ieee.org/stamp/stamp.jsp?arnumber=10736580,IEEE Xplore,https://ieeexplore.ieee.org/stamp/stamp.jsp?arnumber=10736580,Adaptive Security Framework for the Internet of Things: Improving Threat Detection and Energy Optimization in Distributed Environments,2024,10.1109/access.2024.3486983,https://ieeexplore.ieee.org/stamp/stamp.jsp?arnumber=10736580,duplicate,Confirmed exact DOI or publication-identity duplicate,EXACT-0113,Scopus::2-s2.0-85209198932
IEEE Xplore::https://ieeexplore.ieee.org/stamp/stamp.jsp?arnumber=10423175,IEEE Xplore,https://ieeexplore.ieee.org/stamp/stamp.jsp?arnumber=10423175,Adaptive Task Scheduling in Digital Twin Empowered Cloud-Native Vehicular Networks,2024,10.1109/tvt.2024.3362841,https://ieeexplore.ieee.org/stamp/stamp.jsp?arnumber=10423175,duplicate,Confirmed exact DOI or publication-identity duplicate,EXACT-0114,Scopus::2-s2.0-85184812593
IEEE Xplore::https://ieeexplore.ieee.org/stamp/stamp.jsp?arnumber=10724035,IEEE Xplore,https://ieeexplore.ieee.org/stamp/stamp.jsp?arnumber=10724035,Advancing of Microservices Architecture with Dockers,2024,10.1109/icccnt61001.2024.10724035,https://ieeexplore.ieee.org/stamp/stamp.jsp?arnumber=10724035,duplicate,Confirmed exact DOI or publication-identity duplicate,EXACT-0115,Scopus::2-s2.0-85212876870
IEEE Xplore::https://ieeexplore.ieee.org/stamp/stamp.jsp?arnumber=10629097,IEEE Xplore,https://ieeexplore.ieee.org/stamp/stamp.jsp?arnumber=10629097,An AI-aware Orchestration Framework for Cloud-based LLM Workloads,2024,10.1109/edgecom62867.2024.00011,https://ieeexplore.ieee.org/stamp/stamp.jsp?arnumber=10629097,duplicate,Confirmed exact DOI or publication-identity duplicate,EXACT-0116,Scopus::2-s2.0-85202434104
IEEE Xplore::https://ieeexplore.ieee.org/stamp/stamp.jsp?arnumber=8939853,IEEE Xplore,https://ieeexplore.ieee.org/stamp/stamp.jsp?arnumber=8939853,An Accelerated Edge Computing with a Container and Its Orchestration,2019,10.1109/ictc46691.2019.8939853,https://ieeexplore.ieee.org/stamp/stamp.jsp?arnumber=8939853,duplicate,Confirmed exact DOI or publication-identity duplicate,EXACT-0117,Scopus::2-s2.0-85078252279
IEEE Xplore::https://ieeexplore.ieee.org/stamp/stamp.jsp?arnumber=9951842,IEEE Xplore,https://ieeexplore.ieee.org/stamp/stamp.jsp?arnumber=9951842,An Edge-based Architecture for Phasor Measurements in Smart Grids,2022,10.23919/aeit56783.2022.9951842,https://ieeexplore.ieee.org/stamp/stamp.jsp?arnumber=9951842,duplicate,Confirmed exact DOI or publication-identity duplicate,EXACT-0118,Scopus::2-s2.0-85143628327
arXiv::2604.00080,arXiv,2604.00080,An Empirical Study on How Architectural Topology Affects Microservice Performance and Energy Usage,2026,,https://arxiv.org/abs/2604.00080,duplicate,Confirmed exact DOI or publication-identity duplicate,EXACT-0119,IEEE Xplore::https://ieeexplore.ieee.org/stamp/stamp.jsp?arnumber=11641173
IEEE Xplore::https://ieeexplore.ieee.org/stamp/stamp.jsp?arnumber=10694555,IEEE Xplore,https://ieeexplore.ieee.org/stamp/stamp.jsp?arnumber=10694555,"An End-to-End Architecture for Smart Waste Management: Integrating Real-Time Data Processing, IoT, and Machine Learning",2024,10.1109/elmar62909.2024.10694555,https://ieeexplore.ieee.org/stamp/stamp.jsp?arnumber=10694555,duplicate,Confirmed exact DOI or publication-identity duplicate,EXACT-0120,Scopus::2-s2.0-85207177735
IEEE Xplore::https://ieeexplore.ieee.org/stamp/stamp.jsp?arnumber=11603489,IEEE Xplore,https://ieeexplore.ieee.org/stamp/stamp.jsp?arnumber=11603489,An Experimental Evaluation of VPA and in-Place Resource Resizing in Kubernetes Under Dynamic Workloads,2026,10.1109/netsoft70012.2026.11603489,https://ieeexplore.ieee.org/stamp/stamp.jsp?arnumber=11603489,duplicate,Confirmed exact DOI or publication-identity duplicate,EXACT-0121,Scopus::2-s2.0-105045816499
IEEE Xplore::https://ieeexplore.ieee.org/stamp/stamp.jsp?arnumber=10508742,IEEE Xplore,https://ieeexplore.ieee.org/stamp/stamp.jsp?arnumber=10508742,An Improved NSGAII for Integrated Container Scheduling Problems With Two Transshipment Routes,2024,10.1109/tits.2024.3388468,https://ieeexplore.ieee.org/stamp/stamp.jsp?arnumber=10508742,duplicate,Confirmed exact DOI or publication-identity duplicate,EXACT-0122,Scopus::2-s2.0-85191886606
IEEE Xplore::https://ieeexplore.ieee.org/stamp/stamp.jsp?arnumber=11564646,IEEE Xplore,https://ieeexplore.ieee.org/stamp/stamp.jsp?arnumber=11564646,An Intelligent Reinforcement Learning Framework for Adaptive Resource Allocation in Multi-Tenant Cloud Systems,2026,10.1109/icima68728.2026.11564646,https://ieeexplore.ieee.org/stamp/stamp.jsp?arnumber=11564646,duplicate,Confirmed exact DOI or publication-identity duplicate,EXACT-0123,Scopus::2-s2.0-105043766903
IEEE Xplore::https://ieeexplore.ieee.org/stamp/stamp.jsp?arnumber=11432463,IEEE Xplore,https://ieeexplore.ieee.org/stamp/stamp.jsp?arnumber=11432463,An Intelligent Zero-Touch Management and Orchestration in 6G: A Green Hierarchical Reinforcement Learning Approach,2025,10.1109/globecom59602.2025.11432463,https://ieeexplore.ieee.org/stamp/stamp.jsp?arnumber=11432463,duplicate,Confirmed exact DOI or publication-identity duplicate,EXACT-0124,Scopus::2-s2.0-105036312134
IEEE Xplore::https://ieeexplore.ieee.org/stamp/stamp.jsp?arnumber=11582990,IEEE Xplore,https://ieeexplore.ieee.org/stamp/stamp.jsp?arnumber=11582990,An Ml-Enabled Reinforcement Learning Model for Efficient Cloud Load Balancing,2026,10.1109/icctwc68241.2026.11582990,https://ieeexplore.ieee.org/stamp/stamp.jsp?arnumber=11582990,duplicate,Confirmed exact DOI or publication-identity duplicate,EXACT-0125,Scopus::2-s2.0-105045462782
IEEE Xplore::https://ieeexplore.ieee.org/stamp/stamp.jsp?arnumber=10325055,IEEE Xplore,https://ieeexplore.ieee.org/stamp/stamp.jsp?arnumber=10325055,An Orchestrator Framework for IoT-Based Disaster Prevention Simulation,2023,10.1109/sensors56945.2023.10325055,https://ieeexplore.ieee.org/stamp/stamp.jsp?arnumber=10325055,duplicate,Confirmed exact DOI or publication-identity duplicate,EXACT-0126,Scopus::2-s2.0-85179758877
IEEE Xplore::https://ieeexplore.ieee.org/stamp/stamp.jsp?arnumber=10355623,IEEE Xplore,https://ieeexplore.ieee.org/stamp/stamp.jsp?arnumber=10355623,An RL-Based Model for Optimized Kubernetes Scheduling,2023,10.1109/icnp59255.2023.10355623,https://ieeexplore.ieee.org/stamp/stamp.jsp?arnumber=10355623,duplicate,Confirmed exact DOI or publication-identity duplicate,EXACT-0127,Scopus::2-s2.0-85182517484
IEEE Xplore::https://ieeexplore.ieee.org/stamp/stamp.jsp?arnumber=11378705,IEEE Xplore,https://ieeexplore.ieee.org/stamp/stamp.jsp?arnumber=11378705,Architecting Resilient Global Network Infrastructure: Lessons from the Move Off Corp Modernization Program,2025,10.1109/punecon67554.2025.11378705,https://ieeexplore.ieee.org/stamp/stamp.jsp?arnumber=11378705,duplicate,Confirmed exact DOI or publication-identity duplicate,EXACT-0128,Scopus::2-s2.0-105034681918
IEEE Xplore::https://ieeexplore.ieee.org/stamp/stamp.jsp?arnumber=10959783,IEEE Xplore,https://ieeexplore.ieee.org/stamp/stamp.jsp?arnumber=10959783,Architecting the future of Mobile Edge Computing for Web 3.0 services over 5G/6G networks,2024,10.1109/ihcsp63227.2024.10959783,https://ieeexplore.ieee.org/stamp/stamp.jsp?arnumber=10959783,duplicate,Confirmed exact DOI or publication-identity duplicate,EXACT-0129,Scopus::2-s2.0-105004549615
Scopus::2-s2.0-105036339483,Scopus,2-s2.0-105036339483,Architectural Adaptability Adjustments and Elastic Scaling for Power Information Systems Migrating to the Cloud: Application of a Mixed-Integer Programming Algorithm,2025,10.1109/cespe68033.2025.00100,https://www.scopus.com/pages/publications/105036339483?origin=resultslist,duplicate,Confirmed exact DOI or publication-identity duplicate,EXACT-0130,IEEE Xplore::https://ieeexplore.ieee.org/stamp/stamp.jsp?arnumber=11446814
IEEE Xplore::https://ieeexplore.ieee.org/stamp/stamp.jsp?arnumber=11582720,IEEE Xplore,https://ieeexplore.ieee.org/stamp/stamp.jsp?arnumber=11582720,Architectural Design and Key Technologies of Cross-Domain Heterogeneous Computing Power Resource Interconnection Platform,2026,10.1109/mita69365.2026.11582720,https://ieeexplore.ieee.org/stamp/stamp.jsp?arnumber=11582720,duplicate,Confirmed exact DOI or publication-identity duplicate,EXACT-0131,Scopus::2-s2.0-105044840185
IEEE Xplore::https://ieeexplore.ieee.org/stamp/stamp.jsp?arnumber=11552109,IEEE Xplore,https://ieeexplore.ieee.org/stamp/stamp.jsp?arnumber=11552109,Architectural Design of a Power System Reliability Information Management System Based on a Control Cloud Platform,2026,10.1109/ceepe69795.2026.11552109,https://ieeexplore.ieee.org/stamp/stamp.jsp?arnumber=11552109,duplicate,Confirmed exact DOI or publication-identity duplicate,EXACT-0132,Scopus::2-s2.0-105042711327
IEEE Xplore::https://ieeexplore.ieee.org/stamp/stamp.jsp?arnumber=11509413,IEEE Xplore,https://ieeexplore.ieee.org/stamp/stamp.jsp?arnumber=11509413,Architecture Design and Performance Optimization of Low-Code Platforms for Power Grid Operation Scenarios,2026,10.1109/peed69047.2026.00073,https://ieeexplore.ieee.org/stamp/stamp.jsp?arnumber=11509413,duplicate,Confirmed exact DOI or publication-identity duplicate,EXACT-0133,Scopus::2-s2.0-105042120991
IEEE Xplore::https://ieeexplore.ieee.org/stamp/stamp.jsp?arnumber=9356959,IEEE Xplore,https://ieeexplore.ieee.org/stamp/stamp.jsp?arnumber=9356959,Architecture and deployment details of scalable Jupyter environment at Kurchatov Institute supercomputing centre,2020,10.1109/ivmem51402.2020.00017,https://ieeexplore.ieee.org/stamp/stamp.jsp?arnumber=9356959,duplicate,Confirmed exact DOI or publication-identity duplicate,EXACT-0134,Scopus::2-s2.0-85102318266
IEEE Xplore::https://ieeexplore.ieee.org/stamp/stamp.jsp?arnumber=10329954,IEEE Xplore,https://ieeexplore.ieee.org/stamp/stamp.jsp?arnumber=10329954,Athena: An Intelligent Multi-x Cloud Native Network Operator,2024,10.1109/jsac.2023.3336172,https://ieeexplore.ieee.org/stamp/stamp.jsp?arnumber=10329954,duplicate,Confirmed exact DOI or publication-identity duplicate,EXACT-0135,Scopus::2-s2.0-85179065647
IEEE Xplore::https://ieeexplore.ieee.org/stamp/stamp.jsp?arnumber=11103308,IEEE Xplore,https://ieeexplore.ieee.org/stamp/stamp.jsp?arnumber=11103308,Automatic Expansion and Contraction of Trapping Resources Based on Electric Power Environment,2025,10.1109/iccea65460.2025.11103308,https://ieeexplore.ieee.org/stamp/stamp.jsp?arnumber=11103308,duplicate,Confirmed exact DOI or publication-identity duplicate,EXACT-0136,Scopus::2-s2.0-105014935331
Scopus::2-s2.0-105045683640,Scopus,2-s2.0-105045683640,AutoML Driven Cloud Virtualization Orchestration for Scalable Government Service Delivery,2026,10.1109/icadcs70036.2026.11583705,https://www.scopus.com/pages/publications/105045683640?origin=resultslist,duplicate,Confirmed exact DOI or publication-identity duplicate,EXACT-0137,IEEE Xplore::https://ieeexplore.ieee.org/stamp/stamp.jsp?arnumber=11583705
IEEE Xplore::https://ieeexplore.ieee.org/stamp/stamp.jsp?arnumber=11169880,IEEE Xplore,https://ieeexplore.ieee.org/stamp/stamp.jsp?arnumber=11169880,"Autonomous Water Quality Monitoring: Integrating UWB Ad-Hoc Networks, Sensor Calibration, and Kubernetes Cloud Architecture",2025,10.1109/icufn65838.2025.11169880,https://ieeexplore.ieee.org/stamp/stamp.jsp?arnumber=11169880,duplicate,Confirmed exact DOI or publication-identity duplicate,EXACT-0138,Scopus::2-s2.0-105018737226
ACM Digital Library::10.1145/3642975.3678965,ACM Digital Library,10.1145/3642975.3678965,Balancing Energy Efficiency and Infrastructure Knowledge in Cloud-to-Edge Task Distribution Systems,2024,10.1145/3642975.3678965,https://doi.org/10.1145/3642975.3678965,duplicate,Confirmed exact DOI or publication-identity duplicate,EXACT-0139,Scopus::2-s2.0-85201700912
IEEE Xplore::https://ieeexplore.ieee.org/stamp/stamp.jsp?arnumber=11457198,IEEE Xplore,https://ieeexplore.ieee.org/stamp/stamp.jsp?arnumber=11457198,Benchmarking Co-Simulation Orchestration Engines for Integrated Energy Systems: A Comparative Study of Mosaik and HELICS,2026,10.1109/osmses69376.2026.11457198,https://ieeexplore.ieee.org/stamp/stamp.jsp?arnumber=11457198,duplicate,Confirmed exact DOI or publication-identity duplicate,EXACT-0140,Scopus::2-s2.0-105036844232
DBLP::conf/ccnc/KaiserATK25,DBLP,conf/ccnc/KaiserATK25,Benchmarking Container Orchestrations for ARM-Powered Edge Computing.,2025,10.1109/ccnc54725.2025.10976159,https://dblp.org/rec/conf/ccnc/KaiserATK25,duplicate,Confirmed exact DOI or publication-identity duplicate,EXACT-0141,IEEE Xplore::https://ieeexplore.ieee.org/stamp/stamp.jsp?arnumber=10976159
IEEE Xplore::https://ieeexplore.ieee.org/stamp/stamp.jsp?arnumber=10522382,IEEE Xplore,https://ieeexplore.ieee.org/stamp/stamp.jsp?arnumber=10522382,"Beyond Containers: Orchestrating Microservices with Minikube, Kubernetes, Docker, and Compose for Seamless Deployment and Scalability",2024,10.1109/icrito61523.2024.10522382,https://ieeexplore.ieee.org/stamp/stamp.jsp?arnumber=10522382,duplicate,Confirmed exact DOI or publication-identity duplicate,EXACT-0142,Scopus::2-s2.0-85193839902
ACM Digital Library::10.1145/3801488.3806249,ACM Digital Library,10.1145/3801488.3806249,CAPE's Composable Server Infrastructure for the Edge-Cloud Continuum: Invited Paper,2026,10.1145/3801488.3806249,https://doi.org/10.1145/3801488.3806249,duplicate,Confirmed exact DOI or publication-identity duplicate,EXACT-0143,Scopus::2-s2.0-105045258475
IEEE Xplore::https://ieeexplore.ieee.org/stamp/stamp.jsp?arnumber=11495186,IEEE Xplore,https://ieeexplore.ieee.org/stamp/stamp.jsp?arnumber=11495186,CARS: Container-Aware Resource Scheduling in Heterogeneous Fog Computing based on DRL,2026,10.1109/ojcoms.2026.3688021,https://ieeexplore.ieee.org/stamp/stamp.jsp?arnumber=11495186,duplicate,Confirmed exact DOI or publication-identity duplicate,EXACT-0144,Scopus::2-s2.0-105038709804
IEEE Xplore::https://ieeexplore.ieee.org/stamp/stamp.jsp?arnumber=11627381,IEEE Xplore,https://ieeexplore.ieee.org/stamp/stamp.jsp?arnumber=11627381,COSMOS-R2: Artificial Intelligence–Driven Risk-Bounded Carbon-Constrained Autonomous Cloud Scaling via CMDP Control,2026,10.1109/cloudsummit68932.2026.00015,https://ieeexplore.ieee.org/stamp/stamp.jsp?arnumber=11627381,duplicate,Confirmed exact DOI or publication-identity duplicate,EXACT-0145,Scopus::2-s2.0-105047282296
IEEE Xplore::https://ieeexplore.ieee.org/stamp/stamp.jsp?arnumber=11508034,IEEE Xplore,https://ieeexplore.ieee.org/stamp/stamp.jsp?arnumber=11508034,Carbon Aware Container Scheduler,2026,10.1109/i3ctcon68242.2026.11508034,https://ieeexplore.ieee.org/stamp/stamp.jsp?arnumber=11508034,duplicate,Confirmed exact DOI or publication-identity duplicate,EXACT-0146,Scopus::2-s2.0-105041681362
DBLP::journals/tjs/PiontekHA24,DBLP,journals/tjs/PiontekHA24,Carbon emission-aware job scheduling for Kubernetes deployments.,2024,10.1007/s11227-023-05506-7,https://dblp.org/rec/journals/tjs/PiontekHA24,duplicate,Confirmed exact DOI or publication-identity duplicate,EXACT-0147,Scopus::2-s2.0-85163390301
IEEE Xplore::https://ieeexplore.ieee.org/stamp/stamp.jsp?arnumber=11359186,IEEE Xplore,https://ieeexplore.ieee.org/stamp/stamp.jsp?arnumber=11359186,Carbon-Aware AI Control Plane for DevOps Automation: A Reference Architecture and Next-Generation Sustainability Framework,2026,10.1109/access.2026.3656467,https://ieeexplore.ieee.org/stamp/stamp.jsp?arnumber=11359186,duplicate,Confirmed exact DOI or publication-identity duplicate,EXACT-0148,Scopus::2-s2.0-105028166702
IEEE Xplore::https://ieeexplore.ieee.org/stamp/stamp.jsp?arnumber=11331008,IEEE Xplore,https://ieeexplore.ieee.org/stamp/stamp.jsp?arnumber=11331008,Carbon-Aware Microservices Scheduling: Machine Learning for Sustainable Cloud-Native Applications,2025,10.1109/icaaic64647.2025.11331008,https://ieeexplore.ieee.org/stamp/stamp.jsp?arnumber=11331008,duplicate,Confirmed exact DOI or publication-identity duplicate,EXACT-0149,Scopus::2-s2.0-105034850736
IEEE Xplore::https://ieeexplore.ieee.org/stamp/stamp.jsp?arnumber=11434192,IEEE Xplore,https://ieeexplore.ieee.org/stamp/stamp.jsp?arnumber=11434192,Carbon-Kube: A Kubernetes-Native Framework for Multi-Objective Carbon-Aware Scheduling of Big Data Pipelines,2026,10.1109/iementech202669403.2026.11434192,https://ieeexplore.ieee.org/stamp/stamp.jsp?arnumber=11434192,duplicate,Confirmed exact DOI or publication-identity duplicate,EXACT-0150,Scopus::2-s2.0-105037998660
IEEE Xplore::https://ieeexplore.ieee.org/stamp/stamp.jsp?arnumber=11579023,IEEE Xplore,https://ieeexplore.ieee.org/stamp/stamp.jsp?arnumber=11579023,Carbon-aware and Privacy-preserving Federated Anomaly Detection for Containers,2026,10.23919/ifipnetworking70592.2026.11579023,https://ieeexplore.ieee.org/stamp/stamp.jsp?arnumber=11579023,duplicate,Confirmed exact DOI or publication-identity duplicate,EXACT-0151,Scopus::2-s2.0-105044412323
ACM Digital Library::10.1145/3652963.3655048,ACM Digital Library,10.1145/3652963.3655048,CarbonScaler: Leveraging Cloud Workload Elasticity for Optimizing Carbon-Efficiency,2024,10.1145/3652963.3655048,https://doi.org/10.1145/3652963.3655048,duplicate,Confirmed exact DOI or publication-identity duplicate,EXACT-0152,Scopus::2-s2.0-85196362918
IEEE Xplore::https://ieeexplore.ieee.org/stamp/stamp.jsp?arnumber=11474832,IEEE Xplore,https://ieeexplore.ieee.org/stamp/stamp.jsp?arnumber=11474832,CarbonWise CX: An Agentic AI Framework for Carbon-Aware Customer Support Analytics Using RAG and LLM-Based Code Generation,2026,10.1109/access.2026.3681110,https://ieeexplore.ieee.org/stamp/stamp.jsp?arnumber=11474832,duplicate,Confirmed exact DOI or publication-identity duplicate,EXACT-0153,Scopus::2-s2.0-105035303230
ACM Digital Library::10.1145/3718391.3718393,ACM Digital Library,10.1145/3718391.3718393,ChainKode: A CICD methodology for chaincode development in Hyperledger Fabric based on Kubernetes,2025,10.1145/3718391.3718393,https://doi.org/10.1145/3718391.3718393,duplicate,Confirmed exact DOI or publication-identity duplicate,EXACT-0154,Scopus::2-s2.0-105010479920
IEEE Xplore::https://ieeexplore.ieee.org/stamp/stamp.jsp?arnumber=9256419,IEEE Xplore,https://ieeexplore.ieee.org/stamp/stamp.jsp?arnumber=9256419,Challenges for Building a Cloud Native Scalable and Trustable Multi-tenant AIoT Platform,2020,,https://ieeexplore.ieee.org/stamp/stamp.jsp?arnumber=9256419,duplicate,Confirmed exact DOI or publication-identity duplicate,EXACT-0155,ACM Digital Library::10.1145/3400302.3415756
IEEE Xplore::https://ieeexplore.ieee.org/stamp/stamp.jsp?arnumber=10147920,IEEE Xplore,https://ieeexplore.ieee.org/stamp/stamp.jsp?arnumber=10147920,Cloud Native Federated Learning for Streaming: An Experimental Demonstrator,2023,10.1109/hpsr57248.2023.10147920,https://ieeexplore.ieee.org/stamp/stamp.jsp?arnumber=10147920,duplicate,Confirmed exact DOI or publication-identity duplicate,EXACT-0156,Scopus::2-s2.0-85163331144
IEEE Xplore::https://ieeexplore.ieee.org/stamp/stamp.jsp?arnumber=9569523,IEEE Xplore,https://ieeexplore.ieee.org/stamp/stamp.jsp?arnumber=9569523,Cloud Native Hardware Accelerated 5G virtualized Radio Access Network,2021,10.1109/pimrc50174.2021.9569523,https://ieeexplore.ieee.org/stamp/stamp.jsp?arnumber=9569523,duplicate,Confirmed exact DOI or publication-identity duplicate,EXACT-0157,Scopus::2-s2.0-85118430371
IEEE Xplore::https://ieeexplore.ieee.org/stamp/stamp.jsp?arnumber=11374621,IEEE Xplore,https://ieeexplore.ieee.org/stamp/stamp.jsp?arnumber=11374621,Cloud Optimizer RL: A Smart Multi-Algorithm Reinforcement Learning-Based System of Automated Cloud Provider Selection and Resource Optimization Background and Motivation,2025,10.1109/iconstem65670.2025.11374621,https://ieeexplore.ieee.org/stamp/stamp.jsp?arnumber=11374621,duplicate,Confirmed exact DOI or publication-identity duplicate,EXACT-0158,Scopus::2-s2.0-105034486161
IEEE Xplore::https://ieeexplore.ieee.org/stamp/stamp.jsp?arnumber=9803365,IEEE Xplore,https://ieeexplore.ieee.org/stamp/stamp.jsp?arnumber=9803365,Cloud Radio Access Network for Next Generation Mobile Networks; practical implementation benefits,2022,10.23919/mipro55190.2022.9803365,https://ieeexplore.ieee.org/stamp/stamp.jsp?arnumber=9803365,duplicate,Confirmed exact DOI or publication-identity duplicate,EXACT-0159,Scopus::2-s2.0-85133918807
IEEE Xplore::https://ieeexplore.ieee.org/stamp/stamp.jsp?arnumber=11507034,IEEE Xplore,https://ieeexplore.ieee.org/stamp/stamp.jsp?arnumber=11507034,Cloud Supply Chain Optimization using AI-driven Forecasting,2026,10.1109/icsft66733.2026.11507034,https://ieeexplore.ieee.org/stamp/stamp.jsp?arnumber=11507034,duplicate,Confirmed exact DOI or publication-identity duplicate,EXACT-0160,Scopus::2-s2.0-105041617539
IEEE Xplore::https://ieeexplore.ieee.org/stamp/stamp.jsp?arnumber=11024151,IEEE Xplore,https://ieeexplore.ieee.org/stamp/stamp.jsp?arnumber=11024151,Cloud-Based Real-Time Model Predictive Control for a Multi-Carrier and Multi-Objective Home Energy Management System,2025,10.1109/tia.2025.3576745,https://ieeexplore.ieee.org/stamp/stamp.jsp?arnumber=11024151,duplicate,Confirmed exact DOI or publication-identity duplicate,EXACT-0161,Scopus::2-s2.0-105007288902
IEEE Xplore::https://ieeexplore.ieee.org/stamp/stamp.jsp?arnumber=11620829,IEEE Xplore,https://ieeexplore.ieee.org/stamp/stamp.jsp?arnumber=11620829,Cloud-Computing-Enabled Smart Water Conservancy Monitoring Platform and Real-Time Data Processing,2026,10.1109/cicse70286.2026.11620829,https://ieeexplore.ieee.org/stamp/stamp.jsp?arnumber=11620829,duplicate,Confirmed exact DOI or publication-identity duplicate,EXACT-0162,Scopus::2-s2.0-105047067169
IEEE Xplore::https://ieeexplore.ieee.org/stamp/stamp.jsp?arnumber=9292880,IEEE Xplore,https://ieeexplore.ieee.org/stamp/stamp.jsp?arnumber=9292880,Cloud-Edge Monitoring System Framework for Plug-In Hybrid Electric Vehicles,2020,10.1109/hvdc50696.2020.9292880,https://ieeexplore.ieee.org/stamp/stamp.jsp?arnumber=9292880,duplicate,Confirmed exact DOI or publication-identity duplicate,EXACT-0163,Scopus::2-s2.0-85099433450
IEEE Xplore::https://ieeexplore.ieee.org/stamp/stamp.jsp?arnumber=11439049,IEEE Xplore,https://ieeexplore.ieee.org/stamp/stamp.jsp?arnumber=11439049,Cloud-Native 6G: A Multi-Domain Perspective,2026,10.1109/mwc.2026.3670302,https://ieeexplore.ieee.org/stamp/stamp.jsp?arnumber=11439049,duplicate,Confirmed exact DOI or publication-identity duplicate,EXACT-0164,Scopus::2-s2.0-105033252457
IEEE Xplore::https://ieeexplore.ieee.org/stamp/stamp.jsp?arnumber=11280934,IEEE Xplore,https://ieeexplore.ieee.org/stamp/stamp.jsp?arnumber=11280934,Cloud-Native AI: Optimizing Machine Learning Workloads for Scalability and Performance,2025,10.1109/acroset66531.2025.11280934,https://ieeexplore.ieee.org/stamp/stamp.jsp?arnumber=11280934,duplicate,Confirmed exact DOI or publication-identity duplicate,EXACT-0165,Scopus::2-s2.0-105031376422
IEEE Xplore::https://ieeexplore.ieee.org/stamp/stamp.jsp?arnumber=11590625,IEEE Xplore,https://ieeexplore.ieee.org/stamp/stamp.jsp?arnumber=11590625,Cloud-Native Autonomous Control Plane using LLM for Self-Optimizing Microservices in Multi-Cloud Environments,2026,10.1109/iccnct68477.2026.11590625,https://ieeexplore.ieee.org/stamp/stamp.jsp?arnumber=11590625,duplicate,Confirmed exact DOI or publication-identity duplicate,EXACT-0166,Scopus::2-s2.0-105045602266
IEEE Xplore::https://ieeexplore.ieee.org/stamp/stamp.jsp?arnumber=10451518,IEEE Xplore,https://ieeexplore.ieee.org/stamp/stamp.jsp?arnumber=10451518,Cloud-Native Based Task Scheduling and Resource Allocation for Internet of Vehicles,2023,10.1109/cac59555.2023.10451518,https://ieeexplore.ieee.org/stamp/stamp.jsp?arnumber=10451518,duplicate,Confirmed exact DOI or publication-identity duplicate,EXACT-0167,Scopus::2-s2.0-85189310666
IEEE Xplore::https://ieeexplore.ieee.org/stamp/stamp.jsp?arnumber=10574374,IEEE Xplore,https://ieeexplore.ieee.org/stamp/stamp.jsp?arnumber=10574374,Cloud-Native Databases: A Survey,2024,10.1109/tkde.2024.3397508,https://ieeexplore.ieee.org/stamp/stamp.jsp?arnumber=10574374,duplicate,Confirmed exact DOI or publication-identity duplicate,EXACT-0168,Scopus::2-s2.0-85197041464
IEEE Xplore::https://ieeexplore.ieee.org/stamp/stamp.jsp?arnumber=11467763,IEEE Xplore,https://ieeexplore.ieee.org/stamp/stamp.jsp?arnumber=11467763,Cloud-Native Digital Twin Architectures for Smart Cities: A Systematic Literature Review and Research Agenda,2026,10.1109/acdsa67686.2026.11467763,https://ieeexplore.ieee.org/stamp/stamp.jsp?arnumber=11467763,duplicate,Confirmed exact DOI or publication-identity duplicate,EXACT-0169,Scopus::2-s2.0-105037597378
IEEE Xplore::https://ieeexplore.ieee.org/stamp/stamp.jsp?arnumber=11617480,IEEE Xplore,https://ieeexplore.ieee.org/stamp/stamp.jsp?arnumber=11617480,Cloud-Native Distributed Data Layer for the Computing Continuum with Integrated Location-Aware Workflows,2026,10.1109/ccgridw69005.2026.00049,https://ieeexplore.ieee.org/stamp/stamp.jsp?arnumber=11617480,duplicate,Confirmed exact DOI or publication-identity duplicate,EXACT-0170,Scopus::2-s2.0-105046883607
IEEE Xplore::https://ieeexplore.ieee.org/stamp/stamp.jsp?arnumber=10759800,IEEE Xplore,https://ieeexplore.ieee.org/stamp/stamp.jsp?arnumber=10759800,Cloud-Native Fog Robotics: Model-Based Deployment and Evaluation of Real-Time Applications,2025,10.1109/lra.2024.3504243,https://ieeexplore.ieee.org/stamp/stamp.jsp?arnumber=10759800,duplicate,Confirmed exact DOI or publication-identity duplicate,EXACT-0171,Scopus::2-s2.0-85210084215
IEEE Xplore::https://ieeexplore.ieee.org/stamp/stamp.jsp?arnumber=11436789,IEEE Xplore,https://ieeexplore.ieee.org/stamp/stamp.jsp?arnumber=11436789,"Cloud-Native Network Slicing in 5G-Enabled Iot Systems: Architectures, Mechanisms, and Applications",2026,10.1109/iccces62661.2026.11436789,https://ieeexplore.ieee.org/stamp/stamp.jsp?arnumber=11436789,duplicate,Confirmed exact DOI or publication-identity duplicate,EXACT-0172,Scopus::2-s2.0-105037426548
IEEE Xplore::https://ieeexplore.ieee.org/stamp/stamp.jsp?arnumber=11436161,IEEE Xplore,https://ieeexplore.ieee.org/stamp/stamp.jsp?arnumber=11436161,Cloud-Tiered Pipelines for Built-Environment Data: A Visual Programming Stack on Scalable Three-Layer Services,2025,10.1109/etcom66606.2025.11436161,https://ieeexplore.ieee.org/stamp/stamp.jsp?arnumber=11436161,duplicate,Confirmed exact DOI or publication-identity duplicate,EXACT-0173,Scopus::2-s2.0-105037320176
IEEE Xplore::https://ieeexplore.ieee.org/stamp/stamp.jsp?arnumber=9564365,IEEE Xplore,https://ieeexplore.ieee.org/stamp/stamp.jsp?arnumber=9564365,Collaborative Cloud - Edge: A Declarative API orchestration model for the NextGen 5G Core,2021,10.1109/sose52839.2021.00019,https://ieeexplore.ieee.org/stamp/stamp.jsp?arnumber=9564365,duplicate,Confirmed exact DOI or publication-identity duplicate,EXACT-0174,Scopus::2-s2.0-85118133175
IEEE Xplore::https://ieeexplore.ieee.org/stamp/stamp.jsp?arnumber=11196246,IEEE Xplore,https://ieeexplore.ieee.org/stamp/stamp.jsp?arnumber=11196246,ColonyOS: A Meta-OS for Computing Continuums,2025,10.1109/ic2e65552.2025.00041,https://ieeexplore.ieee.org/stamp/stamp.jsp?arnumber=11196246,duplicate,Confirmed exact DOI or publication-identity duplicate,EXACT-0175,Scopus::2-s2.0-105022190358
IEEE Xplore::https://ieeexplore.ieee.org/stamp/stamp.jsp?arnumber=10098554,IEEE Xplore,https://ieeexplore.ieee.org/stamp/stamp.jsp?arnumber=10098554,Cometes: Cross-Device Mapping for Energy and Time-Aware Deployment on Edge Infrastructures,2024,10.1109/les.2023.3266099,https://ieeexplore.ieee.org/stamp/stamp.jsp?arnumber=10098554,duplicate,Confirmed exact DOI or publication-identity duplicate,EXACT-0176,Scopus::2-s2.0-85153385760
Scopus::2-s2.0-105016267314,Scopus,2-s2.0-105016267314,Comparing Neural and Statistical Time-Series Models for Proactive Auto-Scaling in Kubernetes,2025,10.1109/sose67019.2025.00022,https://www.scopus.com/pages/publications/105016267314?origin=resultslist,duplicate,Confirmed exact DOI or publication-identity duplicate,EXACT-0177,IEEE Xplore::https://ieeexplore.ieee.org/stamp/stamp.jsp?arnumber=11126126
DBLP::conf/ucami/StruharPAAF25,DBLP,conf/ucami/StruharPAAF25,Container Orchestration in Edge Computing with Fluctuating Green Energy: A Multi-armed Bandit Approach.,2025,10.1007/978-3-032-16995-2_12,https://dblp.org/rec/conf/ucami/StruharPAAF25,duplicate,Confirmed exact DOI or publication-identity duplicate,EXACT-0178,Scopus::2-s2.0-105037614878
IEEE Xplore::https://ieeexplore.ieee.org/stamp/stamp.jsp?arnumber=11036385,IEEE Xplore,https://ieeexplore.ieee.org/stamp/stamp.jsp?arnumber=11036385,Container Scheduling with Dynamic Computing Resource for Microservice Deployment in Edge Computing,2024,10.1109/msn63567.2024.00041,https://ieeexplore.ieee.org/stamp/stamp.jsp?arnumber=11036385,duplicate,Confirmed exact DOI or publication-identity duplicate,EXACT-0179,Scopus::2-s2.0-105010339215
IEEE Xplore::https://ieeexplore.ieee.org/stamp/stamp.jsp?arnumber=9852232,IEEE Xplore,https://ieeexplore.ieee.org/stamp/stamp.jsp?arnumber=9852232,Container Technologies for ARM Architecture: A Comprehensive Survey of the State-of-the-Art,2022,10.1109/access.2022.3197151,https://ieeexplore.ieee.org/stamp/stamp.jsp?arnumber=9852232,duplicate,Confirmed exact DOI or publication-identity duplicate,EXACT-0180,Scopus::2-s2.0-85136111175
IEEE Xplore::https://ieeexplore.ieee.org/stamp/stamp.jsp?arnumber=7950370,IEEE Xplore,https://ieeexplore.ieee.org/stamp/stamp.jsp?arnumber=7950370,Container oriented job scheduling using linear programming model,2017,10.1109/infoman.2017.7950370,https://ieeexplore.ieee.org/stamp/stamp.jsp?arnumber=7950370,duplicate,Confirmed exact DOI or publication-identity duplicate,EXACT-0181,Scopus::2-s2.0-85024381466
IEEE Xplore::https://ieeexplore.ieee.org/stamp/stamp.jsp?arnumber=11108207,IEEE Xplore,https://ieeexplore.ieee.org/stamp/stamp.jsp?arnumber=11108207,Containerized Deployment of Secure LLM Workflows in Multi-Cloud Infrastructures,2025,10.1109/cloud-summit64795.2025.00027,https://ieeexplore.ieee.org/stamp/stamp.jsp?arnumber=11108207,duplicate,Confirmed exact DOI or publication-identity duplicate,EXACT-0182,Scopus::2-s2.0-105015510221
IEEE Xplore::https://ieeexplore.ieee.org/stamp/stamp.jsp?arnumber=10499978,IEEE Xplore,https://ieeexplore.ieee.org/stamp/stamp.jsp?arnumber=10499978,Containerized Microservices: A Survey of Resource Management Frameworks,2024,10.1109/tnsm.2024.3388633,https://ieeexplore.ieee.org/stamp/stamp.jsp?arnumber=10499978,duplicate,Confirmed exact DOI or publication-identity duplicate,EXACT-0183,Scopus::2-s2.0-85190747027
IEEE Xplore::https://ieeexplore.ieee.org/stamp/stamp.jsp?arnumber=11311010,IEEE Xplore,https://ieeexplore.ieee.org/stamp/stamp.jsp?arnumber=11311010,Cost-Effective Kubernetes at the Edge: a Comparative Analysis of K3s on Raspberry Pi Versus Cloud Deployments,2025,10.1109/mcsoc67473.2025.00072,https://ieeexplore.ieee.org/stamp/stamp.jsp?arnumber=11311010,duplicate,Confirmed exact DOI or publication-identity duplicate,EXACT-0184,Scopus::2-s2.0-105032433979
IEEE Xplore::https://ieeexplore.ieee.org/stamp/stamp.jsp?arnumber=11572741,IEEE Xplore,https://ieeexplore.ieee.org/stamp/stamp.jsp?arnumber=11572741,Cross-Layer AI Optimization of Signaling and Media Planes in Cloud-Based Contact Center Architectures,2026,10.1109/aisei68628.2026.11572741,https://ieeexplore.ieee.org/stamp/stamp.jsp?arnumber=11572741,duplicate,Confirmed exact DOI or publication-identity duplicate,EXACT-0185,Scopus::2-s2.0-105044279261
IEEE Xplore::https://ieeexplore.ieee.org/stamp/stamp.jsp?arnumber=11532843,IEEE Xplore,https://ieeexplore.ieee.org/stamp/stamp.jsp?arnumber=11532843,Cross-Layer AI Optimization of Signaling and Media Planes in Cloud-Based Contact Center Architectures,2026,10.1109/menacomm69507.2026.11532843,https://ieeexplore.ieee.org/stamp/stamp.jsp?arnumber=11532843,duplicate,Confirmed exact DOI or publication-identity duplicate,EXACT-0186,Scopus::2-s2.0-105041869739
IEEE Xplore::https://ieeexplore.ieee.org/stamp/stamp.jsp?arnumber=11181623,IEEE Xplore,https://ieeexplore.ieee.org/stamp/stamp.jsp?arnumber=11181623,Current trends of optimization methodologies in Cloud Computing environments,2025,10.1109/cscs66924.2025.00036,https://ieeexplore.ieee.org/stamp/stamp.jsp?arnumber=11181623,duplicate,Confirmed exact DOI or publication-identity duplicate,EXACT-0187,Scopus::2-s2.0-105019489417
IEEE Xplore::https://ieeexplore.ieee.org/stamp/stamp.jsp?arnumber=11527729,IEEE Xplore,https://ieeexplore.ieee.org/stamp/stamp.jsp?arnumber=11527729,Cyc-PACE: Online Decomposition and Predictive Scaling for Non-Stationary Cyclical Loads,2026,10.1109/icnlp69856.2026.11527729,https://ieeexplore.ieee.org/stamp/stamp.jsp?arnumber=11527729,duplicate,Confirmed exact DOI or publication-identity duplicate,EXACT-0188,Scopus::2-s2.0-105041829767
ACM Digital Library::10.1145/3542929.3563464,ACM Digital Library,10.1145/3542929.3563464,Cypress: input size-sensitive container provisioning and request scheduling for serverless platforms,2022,10.1145/3542929.3563464,https://doi.org/10.1145/3542929.3563464,duplicate,Confirmed exact DOI or publication-identity duplicate,EXACT-0189,Scopus::2-s2.0-85143251604
arXiv::2605.25292,arXiv,2605.25292,DECICE: AI-Driven Scheduling and Digital Twin Integration for the Cloud-HPC-Edge Compute Continuum,2026,,https://arxiv.org/abs/2605.25292,duplicate,Confirmed exact DOI or publication-identity duplicate,EXACT-0190,IEEE Xplore::https://ieeexplore.ieee.org/stamp/stamp.jsp?arnumber=11645312
IEEE Xplore::https://ieeexplore.ieee.org/stamp/stamp.jsp?arnumber=11571345,IEEE Xplore,https://ieeexplore.ieee.org/stamp/stamp.jsp?arnumber=11571345,DEMO: Distributed Edge & Split Learning for Energy-Aware Spatiotemporal Forecasting,2026,10.1109/infocom59046.2026.11571345,https://ieeexplore.ieee.org/stamp/stamp.jsp?arnumber=11571345,duplicate,Confirmed exact DOI or publication-identity duplicate,EXACT-0191,Scopus::2-s2.0-105044526861
IEEE Xplore::https://ieeexplore.ieee.org/stamp/stamp.jsp?arnumber=11509764,IEEE Xplore,https://ieeexplore.ieee.org/stamp/stamp.jsp?arnumber=11509764,Data processing method for power enterprises based on container cloud platform,2026,10.1049/icp.2025.4460,https://ieeexplore.ieee.org/stamp/stamp.jsp?arnumber=11509764,duplicate,Confirmed exact DOI or publication-identity duplicate,EXACT-0192,Scopus::2-s2.0-105042545565
IEEE Xplore::https://ieeexplore.ieee.org/stamp/stamp.jsp?arnumber=10718427,IEEE Xplore,https://ieeexplore.ieee.org/stamp/stamp.jsp?arnumber=10718427,"Decentralized Home Computing Network: Leveraging IaaS, PaaS, and SaaS for Passive Income Generation with Kubernetes Clusters",2024,10.1109/iceeict61591.2024.10718427,https://ieeexplore.ieee.org/stamp/stamp.jsp?arnumber=10718427,duplicate,Confirmed exact DOI or publication-identity duplicate,EXACT-0193,Scopus::2-s2.0-85208740844
IEEE Xplore::https://ieeexplore.ieee.org/stamp/stamp.jsp?arnumber=11126150,IEEE Xplore,https://ieeexplore.ieee.org/stamp/stamp.jsp?arnumber=11126150,Decentralized Multi-Agent Reinforcement Learning for the Green Serverless Cloud-Edge Continuum,2025,10.1109/sose67019.2025.00017,https://ieeexplore.ieee.org/stamp/stamp.jsp?arnumber=11126150,duplicate,Confirmed exact DOI or publication-identity duplicate,EXACT-0194,Scopus::2-s2.0-105016114830
IEEE Xplore::https://ieeexplore.ieee.org/stamp/stamp.jsp?arnumber=11196376,IEEE Xplore,https://ieeexplore.ieee.org/stamp/stamp.jsp?arnumber=11196376,Declarative application management with Kubernetes,2025,10.1109/ic2e65552.2025.00044,https://ieeexplore.ieee.org/stamp/stamp.jsp?arnumber=11196376,duplicate,Confirmed exact DOI or publication-identity duplicate,EXACT-0195,Scopus::2-s2.0-105022188877
IEEE Xplore::https://ieeexplore.ieee.org/stamp/stamp.jsp?arnumber=10044213,IEEE Xplore,https://ieeexplore.ieee.org/stamp/stamp.jsp?arnumber=10044213,Delay-Aware Container Scheduling in Kubernetes,2023,10.1109/jiot.2023.3244545,https://ieeexplore.ieee.org/stamp/stamp.jsp?arnumber=10044213,duplicate,Confirmed exact DOI or publication-identity duplicate,EXACT-0196,Scopus::2-s2.0-85149418541
IEEE Xplore::https://ieeexplore.ieee.org/stamp/stamp.jsp?arnumber=10570622,IEEE Xplore,https://ieeexplore.ieee.org/stamp/stamp.jsp?arnumber=10570622,Delay-Prioritized Task Scheduling with Load Balancing in Computing Power Networks,2024,10.1109/wcnc57260.2024.10570622,https://ieeexplore.ieee.org/stamp/stamp.jsp?arnumber=10570622,duplicate,Confirmed exact DOI or publication-identity duplicate,EXACT-0197,Scopus::2-s2.0-85198829148
IEEE Xplore::https://ieeexplore.ieee.org/stamp/stamp.jsp?arnumber=10575134,IEEE Xplore,https://ieeexplore.ieee.org/stamp/stamp.jsp?arnumber=10575134,Demonstrating the Energy Consumption of Radio Access Networks in Container Clouds,2024,10.1109/noms59830.2024.10575134,https://ieeexplore.ieee.org/stamp/stamp.jsp?arnumber=10575134,duplicate,Confirmed exact DOI or publication-identity duplicate,EXACT-0198,Scopus::2-s2.0-85198365026
IEEE Xplore::https://ieeexplore.ieee.org/stamp/stamp.jsp?arnumber=9665233,IEEE Xplore,https://ieeexplore.ieee.org/stamp/stamp.jsp?arnumber=9665233,Dependent Function Embedding for Distributed Serverless Edge Computing,2022,10.1109/tpds.2021.3137380,https://ieeexplore.ieee.org/stamp/stamp.jsp?arnumber=9665233,duplicate,Confirmed exact DOI or publication-identity duplicate,EXACT-0199,Scopus::2-s2.0-85122313018
IEEE Xplore::https://ieeexplore.ieee.org/stamp/stamp.jsp?arnumber=9365868,IEEE Xplore,https://ieeexplore.ieee.org/stamp/stamp.jsp?arnumber=9365868,Deployment of Containerized Deep Learning Applications in the Cloud,2020,10.1109/cloudtech49835.2020.9365868,https://ieeexplore.ieee.org/stamp/stamp.jsp?arnumber=9365868,duplicate,Confirmed exact DOI or publication-identity duplicate,EXACT-0200,Scopus::2-s2.0-85102640483
IEEE Xplore::https://ieeexplore.ieee.org/stamp/stamp.jsp?arnumber=11226841,IEEE Xplore,https://ieeexplore.ieee.org/stamp/stamp.jsp?arnumber=11226841,DesFaaS: Cross-Layer Joint Dynamic Deployment System for Serverless Stateful Functions,2025,10.1109/tcc.2025.3628953,https://ieeexplore.ieee.org/stamp/stamp.jsp?arnumber=11226841,duplicate,Confirmed exact DOI or publication-identity duplicate,EXACT-0201,Scopus::2-s2.0-105020940889
arXiv::2508.14451,arXiv,2508.14451,Design and Evaluation of a Scalable Data Pipeline for AI-Driven Air Quality Monitoring in Low-Resource Settings,2025,,https://arxiv.org/abs/2508.14451,duplicate,Confirmed exact DOI or publication-identity duplicate,EXACT-0202,Scopus::2-s2.0-105020243323
Scopus::2-s2.0-105041094980,Scopus,2-s2.0-105041094980,Design and Implementation of Cloud-Edge Collaborative Mapping and Control System for Mobile Robots,2026,10.1109/tase.2026.3699533,https://www.scopus.com/pages/publications/105041094980?origin=resultslist,duplicate,Confirmed exact DOI or publication-identity duplicate,EXACT-0203,IEEE Xplore::https://ieeexplore.ieee.org/stamp/stamp.jsp?arnumber=11550187
IEEE Xplore::https://ieeexplore.ieee.org/stamp/stamp.jsp?arnumber=11296523,IEEE Xplore,https://ieeexplore.ieee.org/stamp/stamp.jsp?arnumber=11296523,Design and Implementation of a Hybrid Solar-Grid Charging Infrastructure with IoT-Based Control,2025,10.1109/icvtts67119.2025.11296523,https://ieeexplore.ieee.org/stamp/stamp.jsp?arnumber=11296523,duplicate,Confirmed exact DOI or publication-identity duplicate,EXACT-0204,Scopus::2-s2.0-105032060002
arXiv::2402.02938,arXiv,2402.02938,Design and Implementation of an Automated Disaster-recovery System for a Kubernetes Cluster Using LSTM,2024,,https://arxiv.org/abs/2402.02938,duplicate,Confirmed exact DOI or publication-identity duplicate,EXACT-0205,Scopus::2-s2.0-85192513692
IEEE Xplore::https://ieeexplore.ieee.org/stamp/stamp.jsp?arnumber=11512441,IEEE Xplore,https://ieeexplore.ieee.org/stamp/stamp.jsp?arnumber=11512441,Design and Implementation of an IoT Cluster with Raspberry Pi Powered by Solar Energy: A Theoretical Approach,2025,10.1109/concapan66820.2025.11512441,https://ieeexplore.ieee.org/stamp/stamp.jsp?arnumber=11512441,duplicate,Confirmed exact DOI or publication-identity duplicate,EXACT-0206,Scopus::2-s2.0-105040927660
IEEE Xplore::https://ieeexplore.ieee.org/stamp/stamp.jsp?arnumber=10090714,IEEE Xplore,https://ieeexplore.ieee.org/stamp/stamp.jsp?arnumber=10090714,Design and research on resource management of scale edge data center,2023,10.1109/eebda56825.2023.10090714,https://ieeexplore.ieee.org/stamp/stamp.jsp?arnumber=10090714,duplicate,Confirmed exact DOI or publication-identity duplicate,EXACT-0207,Scopus::2-s2.0-85154618590
IEEE Xplore::https://ieeexplore.ieee.org/stamp/stamp.jsp?arnumber=11613416,IEEE Xplore,https://ieeexplore.ieee.org/stamp/stamp.jsp?arnumber=11613416,Design of UMDAF: A Universal Multi-Source Data Acquisition and Feature Extraction Framework for Power Systems,2026,10.1109/icccs69761.2026.11613416,https://ieeexplore.ieee.org/stamp/stamp.jsp?arnumber=11613416,duplicate,Confirmed exact DOI or publication-identity duplicate,EXACT-0208,Scopus::2-s2.0-105047073301
IEEE Xplore::https://ieeexplore.ieee.org/stamp/stamp.jsp?arnumber=10408754,IEEE Xplore,https://ieeexplore.ieee.org/stamp/stamp.jsp?arnumber=10408754,Design of power information intelligent scheduling model based on Kubernetes,2023,10.1109/itaic58329.2023.10408754,https://ieeexplore.ieee.org/stamp/stamp.jsp?arnumber=10408754,duplicate,Confirmed exact DOI or publication-identity duplicate,EXACT-0209,Scopus::2-s2.0-85186076006
IEEE Xplore::https://ieeexplore.ieee.org/stamp/stamp.jsp?arnumber=11351829,IEEE Xplore,https://ieeexplore.ieee.org/stamp/stamp.jsp?arnumber=11351829,Designing Resilient Cloud Based ETL Systems for Scalable Business Intelligence,2025,10.1109/icodse68111.2025.11351829,https://ieeexplore.ieee.org/stamp/stamp.jsp?arnumber=11351829,duplicate,Confirmed exact DOI or publication-identity duplicate,EXACT-0210,Scopus::2-s2.0-105033660843
IEEE Xplore::https://ieeexplore.ieee.org/stamp/stamp.jsp?arnumber=9774455,IEEE Xplore,https://ieeexplore.ieee.org/stamp/stamp.jsp?arnumber=9774455,Designing a Reinforcement Learning Approach for the NFV Orchestration System with Energy Saving Optimization,2022,10.1109/icasi55125.2022.9774455,https://ieeexplore.ieee.org/stamp/stamp.jsp?arnumber=9774455,duplicate,Confirmed exact DOI or publication-identity duplicate,EXACT-0211,Scopus::2-s2.0-85130922369
IEEE Xplore::https://ieeexplore.ieee.org/stamp/stamp.jsp?arnumber=11449570,IEEE Xplore,https://ieeexplore.ieee.org/stamp/stamp.jsp?arnumber=11449570,Diktopos: A Two-Stage Framework for Joint Container-Based Microservice Placement and Distributed Volume Allocation on Cloud-Edge Networks,2026,10.1109/tcc.2026.3676203,https://ieeexplore.ieee.org/stamp/stamp.jsp?arnumber=11449570,duplicate,Confirmed exact DOI or publication-identity duplicate,EXACT-0212,Scopus::2-s2.0-105033694508
IEEE Xplore::https://ieeexplore.ieee.org/stamp/stamp.jsp?arnumber=9113446,IEEE Xplore,https://ieeexplore.ieee.org/stamp/stamp.jsp?arnumber=9113446,"Disrupting Healthcare Silos: Addressing Data Volume, Velocity and Variety With a Cloud-Native Healthcare Data Ingestion Service",2020,10.1109/jbhi.2020.3001518,https://ieeexplore.ieee.org/stamp/stamp.jsp?arnumber=9113446,duplicate,Confirmed exact DOI or publication-identity duplicate,EXACT-0213,Scopus::2-s2.0-85095798964
Scopus::2-s2.0-105043995431,Scopus,2-s2.0-105043995431,Distributed Metric Collection Task Scheduling Optimization Using Temporal Convolutional Network with Multi-Source Feature Fusion,2026,10.1109/sgai69026.2026.11565989,https://www.scopus.com/pages/publications/105043995431?origin=resultslist,duplicate,Confirmed exact DOI or publication-identity duplicate,EXACT-0214,IEEE Xplore::https://ieeexplore.ieee.org/stamp/stamp.jsp?arnumber=11565989
IEEE Xplore::https://ieeexplore.ieee.org/stamp/stamp.jsp?arnumber=10706759,IEEE Xplore,https://ieeexplore.ieee.org/stamp/stamp.jsp?arnumber=10706759,Distributed Trusted Demand Response Bidding Mechanism Empowered by Blockchain,2024,10.23919/icn.2024.0013,https://ieeexplore.ieee.org/stamp/stamp.jsp?arnumber=10706759,duplicate,Confirmed exact DOI or publication-identity duplicate,EXACT-0215,Scopus::2-s2.0-85207078399
DBLP::conf/ucc/ZhuHM25,DBLP,conf/ucc/ZhuHM25,Does Energy-efficiency Mean Carbon-awareness? A Critical Evaluation of Sustainable Serverless Edge Scheduling.,2025,10.1145/3773274.3774929,https://dblp.org/rec/conf/ucc/ZhuHM25,duplicate,Confirmed exact DOI or publication-identity duplicate,EXACT-0216,ACM Digital Library::10.1145/3773274.3774929
IEEE Xplore::https://ieeexplore.ieee.org/stamp/stamp.jsp?arnumber=11086961,IEEE Xplore,https://ieeexplore.ieee.org/stamp/stamp.jsp?arnumber=11086961,Dynamic Rescheduling of Trapping Resources Based on Electric Power Environment,2025,10.1109/icsp65755.2025.11086961,https://ieeexplore.ieee.org/stamp/stamp.jsp?arnumber=11086961,duplicate,Confirmed exact DOI or publication-identity duplicate,EXACT-0217,Scopus::2-s2.0-105013466494
IEEE Xplore::https://ieeexplore.ieee.org/stamp/stamp.jsp?arnumber=11181397,IEEE Xplore,https://ieeexplore.ieee.org/stamp/stamp.jsp?arnumber=11181397,Dynamic Resource Allocation for Cloud-Native Network Functions Based on Energy Efficiency,2025,10.23919/apnoms67058.2025.11181397,https://ieeexplore.ieee.org/stamp/stamp.jsp?arnumber=11181397,duplicate,Confirmed exact DOI or publication-identity duplicate,EXACT-0218,Scopus::2-s2.0-105019307476
IEEE Xplore::https://ieeexplore.ieee.org/stamp/stamp.jsp?arnumber=11113647,IEEE Xplore,https://ieeexplore.ieee.org/stamp/stamp.jsp?arnumber=11113647,Dynamic Resource Allocation of Virtualized GPUs and CPUs for Scalable AI Workloads in Containerized Environments,2025,10.1109/icoeca66273.2025.00080,https://ieeexplore.ieee.org/stamp/stamp.jsp?arnumber=11113647,duplicate,Confirmed exact DOI or publication-identity duplicate,EXACT-0219,Scopus::2-s2.0-105015496222
IEEE Xplore::https://ieeexplore.ieee.org/stamp/stamp.jsp?arnumber=9498942,IEEE Xplore,https://ieeexplore.ieee.org/stamp/stamp.jsp?arnumber=9498942,Dynamic Resource Scheduling Of Container-based Edge IoT Agents,2021,10.1109/iwcmc51323.2021.9498942,https://ieeexplore.ieee.org/stamp/stamp.jsp?arnumber=9498942,duplicate,Confirmed exact DOI or publication-identity duplicate,EXACT-0220,Scopus::2-s2.0-85125619355
IEEE Xplore::https://ieeexplore.ieee.org/stamp/stamp.jsp?arnumber=8567371,IEEE Xplore,https://ieeexplore.ieee.org/stamp/stamp.jsp?arnumber=8567371,Dynamic Scheduling for Seamless Computing,2018,10.1109/sc2.2018.00013,https://ieeexplore.ieee.org/stamp/stamp.jsp?arnumber=8567371,duplicate,Confirmed exact DOI or publication-identity duplicate,EXACT-0221,Scopus::2-s2.0-85060196973
IEEE Xplore::https://ieeexplore.ieee.org/stamp/stamp.jsp?arnumber=11416541,IEEE Xplore,https://ieeexplore.ieee.org/stamp/stamp.jsp?arnumber=11416541,Dynamic Security Automation for Containerized and Serverless Cloud Environments,2026,10.1109/icears67481.2026.11416541,https://ieeexplore.ieee.org/stamp/stamp.jsp?arnumber=11416541,duplicate,Confirmed exact DOI or publication-identity duplicate,EXACT-0222,Scopus::2-s2.0-105035722420
ACM Digital Library::3291656.3291707,ACM Digital Library,3291656.3291707,Dynamically negotiating capacity between on-demand and batch clusters,2018,,,duplicate,Confirmed exact DOI or publication-identity duplicate,EXACT-0223,ACM Digital Library::10.1109/SC.2018.00041
IEEE Xplore::https://ieeexplore.ieee.org/stamp/stamp.jsp?arnumber=11223306,IEEE Xplore,https://ieeexplore.ieee.org/stamp/stamp.jsp?arnumber=11223306,EC6: Enhancing Energy Efficiency in Kubernetes Through Dynamic Extension of CPU Deep Idle States (C6),2025,10.1109/nof66640.2025.11223306,https://ieeexplore.ieee.org/stamp/stamp.jsp?arnumber=11223306,duplicate,Confirmed exact DOI or publication-identity duplicate,EXACT-0224,Scopus::2-s2.0-105024963271
Scopus::2-s2.0-105042139995,Scopus,2-s2.0-105042139995,EDU-XR: A Kubernetes-Orchestrated Framework for Pedagogically-Aware BIM Rendering in Mobile Vocational XR,2026,10.1145/3806980.3807147,https://www.scopus.com/pages/publications/105042139995?origin=resultslist,duplicate,Confirmed exact DOI or publication-identity duplicate,EXACT-0225,ACM Digital Library::10.1145/3806980.3807147
IEEE Xplore::https://ieeexplore.ieee.org/stamp/stamp.jsp?arnumber=10041344,IEEE Xplore,https://ieeexplore.ieee.org/stamp/stamp.jsp?arnumber=10041344,EELAS: Energy Efficient and Latency Aware Scheduling of Cloud-Native ML Workloads,2023,10.1109/comsnets56262.2023.10041344,https://ieeexplore.ieee.org/stamp/stamp.jsp?arnumber=10041344,duplicate,Confirmed exact DOI or publication-identity duplicate,EXACT-0226,Scopus::2-s2.0-85149118516
ACM Digital Library::10.1145/3750718.3750746,ACM Digital Library,10.1145/3750718.3750746,"EcoRAN: A Novel Programmable Framework for Dynamic and Energy-Efficient Resource Optimization in Multi-Tenant, Neutral Host O-RAN Systems",2025,10.1145/3750718.3750746,https://doi.org/10.1145/3750718.3750746,duplicate,Confirmed exact DOI or publication-identity duplicate,EXACT-0227,Scopus::2-s2.0-105020678792
IEEE Xplore::https://ieeexplore.ieee.org/stamp/stamp.jsp?arnumber=8016218,IEEE Xplore,https://ieeexplore.ieee.org/stamp/stamp.jsp?arnumber=8016218,Edge computing in IoT context: Horizontal and vertical Linux container migration,2017,10.1109/giots.2017.8016218,https://ieeexplore.ieee.org/stamp/stamp.jsp?arnumber=8016218,duplicate,Confirmed exact DOI or publication-identity duplicate,EXACT-0228,Scopus::2-s2.0-85029314185
IEEE Xplore::https://ieeexplore.ieee.org/stamp/stamp.jsp?arnumber=10608304,IEEE Xplore,https://ieeexplore.ieee.org/stamp/stamp.jsp?arnumber=10608304,Edge-to-Cloud Continuum Orchestrator for Distributed Video Applications,2024,10.1109/bmsb62888.2024.10608304,https://ieeexplore.ieee.org/stamp/stamp.jsp?arnumber=10608304,duplicate,Confirmed exact DOI or publication-identity duplicate,EXACT-0229,Scopus::2-s2.0-85201562192
IEEE Xplore::https://ieeexplore.ieee.org/stamp/stamp.jsp?arnumber=11139102,IEEE Xplore,https://ieeexplore.ieee.org/stamp/stamp.jsp?arnumber=11139102,EdgeAIBus: AI-Driven Joint Container Management and Model Selection Framework for Heterogeneous Edge Computing,2025,10.1109/tpds.2025.3602521,https://ieeexplore.ieee.org/stamp/stamp.jsp?arnumber=11139102,duplicate,Confirmed exact DOI or publication-identity duplicate,EXACT-0230,Scopus::2-s2.0-105014443537
IEEE Xplore::https://ieeexplore.ieee.org/stamp/stamp.jsp?arnumber=9045136,IEEE Xplore,https://ieeexplore.ieee.org/stamp/stamp.jsp?arnumber=9045136,Efficient Load balancing to serve Heterogeneous Requests in Clustered Systems using Kubernetes,2020,10.1109/ccnc46108.2020.9045136,https://ieeexplore.ieee.org/stamp/stamp.jsp?arnumber=9045136,duplicate,Confirmed exact DOI or publication-identity duplicate,EXACT-0231,Scopus::2-s2.0-85085513677
IEEE Xplore::https://ieeexplore.ieee.org/stamp/stamp.jsp?arnumber=10588895,IEEE Xplore,https://ieeexplore.ieee.org/stamp/stamp.jsp?arnumber=10588895,Efficient Network Slicing Orchestrator for 5G Networks using a Genetic Algorithm-based Scheduler with Kubernetes: Experimental Insights,2024,10.1109/netsoft60951.2024.10588895,https://ieeexplore.ieee.org/stamp/stamp.jsp?arnumber=10588895,duplicate,Confirmed exact DOI or publication-identity duplicate,EXACT-0232,Scopus::2-s2.0-85199495192
IEEE Xplore::https://ieeexplore.ieee.org/stamp/stamp.jsp?arnumber=10376217,IEEE Xplore,https://ieeexplore.ieee.org/stamp/stamp.jsp?arnumber=10376217,Elastic Task Offloading and Resource Allocation Over Hybrid Cloud: A Reinforcement Learning Approach,2024,10.1109/tnsm.2023.3348124,https://ieeexplore.ieee.org/stamp/stamp.jsp?arnumber=10376217,duplicate,Confirmed exact DOI or publication-identity duplicate,EXACT-0233,Scopus::2-s2.0-85181571045
ACM Digital Library::10.1145/3539597.3573037,ACM Digital Library,10.1145/3539597.3573037,ElasticDL: A Kubernetes-native Deep Learning Framework with Fault-tolerance and Elastic Scheduling,2023,10.1145/3539597.3573037,https://doi.org/10.1145/3539597.3573037,duplicate,Confirmed exact DOI or publication-identity duplicate,EXACT-0234,Scopus::2-s2.0-85149651725
IEEE Xplore::https://ieeexplore.ieee.org/stamp/stamp.jsp?arnumber=11484344,IEEE Xplore,https://ieeexplore.ieee.org/stamp/stamp.jsp?arnumber=11484344,Emerging Research Trends in Machine Learning and Deep Learning for Secure and Scalable Cloud Ecosystem,2026,10.1109/imed68921.2026.11484344,https://ieeexplore.ieee.org/stamp/stamp.jsp?arnumber=11484344,duplicate,Confirmed exact DOI or publication-identity duplicate,EXACT-0235,Scopus::2-s2.0-105038369379
IEEE Xplore::https://ieeexplore.ieee.org/stamp/stamp.jsp?arnumber=7870553,IEEE Xplore,https://ieeexplore.ieee.org/stamp/stamp.jsp?arnumber=7870553,Enabling green content distribution network by cloud orchestration,2016,10.1109/scns.2016.7870553,https://ieeexplore.ieee.org/stamp/stamp.jsp?arnumber=7870553,duplicate,Confirmed exact DOI or publication-identity duplicate,EXACT-0236,Scopus::2-s2.0-85017155942
IEEE Xplore::https://ieeexplore.ieee.org/stamp/stamp.jsp?arnumber=11140840,IEEE Xplore,https://ieeexplore.ieee.org/stamp/stamp.jsp?arnumber=11140840,End-to-End 5G Simulator Framework for Diverse Network KPI Simulation and Testing,2025,10.1109/iccmc65190.2025.11140840,https://ieeexplore.ieee.org/stamp/stamp.jsp?arnumber=11140840,duplicate,Confirmed exact DOI or publication-identity duplicate,EXACT-0237,Scopus::2-s2.0-105016901528
Scopus::2-s2.0-105032694820,Scopus,2-s2.0-105032694820,Energy Efficient Cloud-based Resource Management and 5G Network Orchestration,2025,10.1109/conecct65861.2025.11306607,https://www.scopus.com/pages/publications/105032694820?origin=resultslist,duplicate,Confirmed exact DOI or publication-identity duplicate,EXACT-0238,IEEE Xplore::https://ieeexplore.ieee.org/stamp/stamp.jsp?arnumber=11306607
IEEE Xplore::https://ieeexplore.ieee.org/stamp/stamp.jsp?arnumber=9121491,IEEE Xplore,https://ieeexplore.ieee.org/stamp/stamp.jsp?arnumber=9121491,Energy Saving Strategy of Power System Cluster Based on Container Virtualization,2020,10.1109/aeees48850.2020.9121491,https://ieeexplore.ieee.org/stamp/stamp.jsp?arnumber=9121491,duplicate,Confirmed exact DOI or publication-identity duplicate,EXACT-0239,Scopus::2-s2.0-85087496964
IEEE Xplore::https://ieeexplore.ieee.org/stamp/stamp.jsp?arnumber=8784669,IEEE Xplore,https://ieeexplore.ieee.org/stamp/stamp.jsp?arnumber=8784669,Energy Savings & Resiliency with Closed Loop Platform Automation,2019,10.23919/tma.2019.8784669,https://ieeexplore.ieee.org/stamp/stamp.jsp?arnumber=8784669,duplicate,Confirmed exact DOI or publication-identity duplicate,EXACT-0240,Scopus::2-s2.0-85071183624
DBLP::conf/icsoc/CaneteRAF22,DBLP,conf/icsoc/CaneteRAF22,Energy-Aware Placement of Network Functions in Edge-Based Infrastructures with Open Source MANO and Kubernetes.,2022,10.1007/978-3-031-26507-5_15,https://dblp.org/rec/conf/icsoc/CaneteRAF22,duplicate,Confirmed exact DOI or publication-identity duplicate,EXACT-0241,Scopus::2-s2.0-85151052879
IEEE Xplore::https://ieeexplore.ieee.org/stamp/stamp.jsp?arnumber=11197392,IEEE Xplore,https://ieeexplore.ieee.org/stamp/stamp.jsp?arnumber=11197392,Energy-Aware Scheduling in Cloud-Native Environment,2025,10.23919/softcom66362.2025.11197392,https://ieeexplore.ieee.org/stamp/stamp.jsp?arnumber=11197392,duplicate,Confirmed exact DOI or publication-identity duplicate,EXACT-0242,Scopus::2-s2.0-105021955281
IEEE Xplore::https://ieeexplore.ieee.org/stamp/stamp.jsp?arnumber=11368391,IEEE Xplore,https://ieeexplore.ieee.org/stamp/stamp.jsp?arnumber=11368391,Energy-Aware and Latency-Optimized Data Migration in Containerized Multi-Cloud Environments Using Enhanced Deep Adaptive Dragonfly Optimization,2025,10.1109/gcat66372.2025.11368391,https://ieeexplore.ieee.org/stamp/stamp.jsp?arnumber=11368391,duplicate,Confirmed exact DOI or publication-identity duplicate,EXACT-0243,Scopus::2-s2.0-105034271566
IEEE Xplore::https://ieeexplore.ieee.org/stamp/stamp.jsp?arnumber=11541572,IEEE Xplore,https://ieeexplore.ieee.org/stamp/stamp.jsp?arnumber=11541572,Energy-Efficient Container Orchestration for HPC Workloads using ML in Kubernetes on Cloud Platforms,2026,10.1109/iecct68664.2026.11541572,https://ieeexplore.ieee.org/stamp/stamp.jsp?arnumber=11541572,duplicate,Confirmed exact DOI or publication-identity duplicate,EXACT-0244,Scopus::2-s2.0-105042273723
DBLP::journals/computers/LiZLLHH25,DBLP,journals/computers/LiZLLHH25,Energy-Efficient Container Scheduling Based on Deep Reinforcement Learning in Data Centers.,2025,10.3390/computers14120560,https://dblp.org/rec/journals/computers/LiZLLHH25,duplicate,Confirmed exact DOI or publication-identity duplicate,EXACT-0245,Scopus::2-s2.0-105025786210
IEEE Xplore::https://ieeexplore.ieee.org/stamp/stamp.jsp?arnumber=11063630,IEEE Xplore,https://ieeexplore.ieee.org/stamp/stamp.jsp?arnumber=11063630,Energy-Efficient Update of Microservices Applications in Kubernetes Clusters,2024,10.1109/kse63888.2024.11063630,https://ieeexplore.ieee.org/stamp/stamp.jsp?arnumber=11063630,duplicate,Confirmed exact DOI or publication-identity duplicate,EXACT-0246,Scopus::2-s2.0-105011592451
IEEE Xplore::https://ieeexplore.ieee.org/stamp/stamp.jsp?arnumber=11250702,IEEE Xplore,https://ieeexplore.ieee.org/stamp/stamp.jsp?arnumber=11250702,Energy-Efficient Virtualized gNBs for Cloud-Native O-RAN: A Testbed-Based Study of CPU Resource Management in 5G/6G Networks,2026,10.1109/tgcn.2025.3633457,https://ieeexplore.ieee.org/stamp/stamp.jsp?arnumber=11250702,duplicate,Confirmed exact DOI or publication-identity duplicate,EXACT-0247,Scopus::2-s2.0-105022498447
IEEE Xplore::https://ieeexplore.ieee.org/stamp/stamp.jsp?arnumber=11052012,IEEE Xplore,https://ieeexplore.ieee.org/stamp/stamp.jsp?arnumber=11052012,Enhancing Cloud Resource Utilization: African Bison Optimization Algorithm for Scalable and Sustainable Computing,2025,10.1109/icoicc64033.2025.11052012,https://ieeexplore.ieee.org/stamp/stamp.jsp?arnumber=11052012,duplicate,Confirmed exact DOI or publication-identity duplicate,EXACT-0248,Scopus::2-s2.0-105012124929
IEEE Xplore::https://ieeexplore.ieee.org/stamp/stamp.jsp?arnumber=11273406,IEEE Xplore,https://ieeexplore.ieee.org/stamp/stamp.jsp?arnumber=11273406,Enhancing Energy Efficiency Through Kubernetes Scheduling Techniques,2025,10.1109/sita67914.2025.11273406,https://ieeexplore.ieee.org/stamp/stamp.jsp?arnumber=11273406,duplicate,Confirmed exact DOI or publication-identity duplicate,EXACT-0249,Scopus::2-s2.0-105030470435
IEEE Xplore::https://ieeexplore.ieee.org/stamp/stamp.jsp?arnumber=11101082,IEEE Xplore,https://ieeexplore.ieee.org/stamp/stamp.jsp?arnumber=11101082,Enhancing Energy Efficiency in Kubernetes Cluster Through Resource and Energy Aware Scheduling,2025,10.1109/ecti-con64996.2025.11101082,https://ieeexplore.ieee.org/stamp/stamp.jsp?arnumber=11101082,duplicate,Confirmed exact DOI or publication-identity duplicate,EXACT-0250,Scopus::2-s2.0-105014340828
ACM Digital Library::10.1145/3696630.3728710,ACM Digital Library,10.1145/3696630.3728710,Enhancing Energy Efficiency with Reusable Software Ecosystems and Persona-Based UI/UX,2025,10.1145/3696630.3728710,https://doi.org/10.1145/3696630.3728710,duplicate,Confirmed exact DOI or publication-identity duplicate,EXACT-0251,Scopus::2-s2.0-105013971202
IEEE Xplore::https://ieeexplore.ieee.org/stamp/stamp.jsp?arnumber=11418217,IEEE Xplore,https://ieeexplore.ieee.org/stamp/stamp.jsp?arnumber=11418217,Enhancing Execution in Kubernetes for Optimized Resource Utilization,2026,10.1109/comsnets67989.2026.11418217,https://ieeexplore.ieee.org/stamp/stamp.jsp?arnumber=11418217,duplicate,Confirmed exact DOI or publication-identity duplicate,EXACT-0252,Scopus::2-s2.0-105035377704
IEEE Xplore::https://ieeexplore.ieee.org/stamp/stamp.jsp?arnumber=10649175,IEEE Xplore,https://ieeexplore.ieee.org/stamp/stamp.jsp?arnumber=10649175,Enhancing IoT Container Scheduling in the Cloud with Multi-Objective Accelerated PSO,2024,10.1109/inc460750.2024.10649175,https://ieeexplore.ieee.org/stamp/stamp.jsp?arnumber=10649175,duplicate,Confirmed exact DOI or publication-identity duplicate,EXACT-0253,Scopus::2-s2.0-85203823123
IEEE Xplore::https://ieeexplore.ieee.org/stamp/stamp.jsp?arnumber=11438541,IEEE Xplore,https://ieeexplore.ieee.org/stamp/stamp.jsp?arnumber=11438541,Enhancing Node Management in CC using DNA,2025,10.1109/iccist67338.2025.11438541,https://ieeexplore.ieee.org/stamp/stamp.jsp?arnumber=11438541,duplicate,Confirmed exact DOI or publication-identity duplicate,EXACT-0254,Scopus::2-s2.0-105037469151
IEEE Xplore::https://ieeexplore.ieee.org/stamp/stamp.jsp?arnumber=9272962,IEEE Xplore,https://ieeexplore.ieee.org/stamp/stamp.jsp?arnumber=9272962,Enhancing Rescue Operations With Virtualized Mobile Multimedia Services in Scarce Resource Devices,2020,10.1109/access.2020.3041394,https://ieeexplore.ieee.org/stamp/stamp.jsp?arnumber=9272962,duplicate,Confirmed exact DOI or publication-identity duplicate,EXACT-0255,Scopus::2-s2.0-85097410109
IEEE Xplore::https://ieeexplore.ieee.org/stamp/stamp.jsp?arnumber=11514621,IEEE Xplore,https://ieeexplore.ieee.org/stamp/stamp.jsp?arnumber=11514621,Establishing a secure data transfer framework for legacy cloud migration,2026,10.1049/icp.2025.4771,https://ieeexplore.ieee.org/stamp/stamp.jsp?arnumber=11514621,duplicate,Confirmed exact DOI or publication-identity duplicate,EXACT-0256,Scopus::2-s2.0-105040245487
IEEE Xplore::https://ieeexplore.ieee.org/stamp/stamp.jsp?arnumber=11500159,IEEE Xplore,https://ieeexplore.ieee.org/stamp/stamp.jsp?arnumber=11500159,Evaluating Kubernetes Autoscaling Strategies for IoT-Oriented Blockchain-Based Data Ingestion,2026,10.1109/saner-c67878.2026.00014,https://ieeexplore.ieee.org/stamp/stamp.jsp?arnumber=11500159,duplicate,Confirmed exact DOI or publication-identity duplicate,EXACT-0257,Scopus::2-s2.0-105040751608
IEEE Xplore::https://ieeexplore.ieee.org/stamp/stamp.jsp?arnumber=10051112,IEEE Xplore,https://ieeexplore.ieee.org/stamp/stamp.jsp?arnumber=10051112,Experimental Evaluation of ML Models for Dynamic VNF Autoscaling,2022,10.1109/cscn57023.2022.10051112,https://ieeexplore.ieee.org/stamp/stamp.jsp?arnumber=10051112,duplicate,Confirmed exact DOI or publication-identity duplicate,EXACT-0258,Scopus::2-s2.0-85150067703
arXiv::2511.09116,arXiv,2511.09116,Experimenting with Energy-Awareness in Edge-Cloud Containerized Application Orchestration,2025,,https://arxiv.org/abs/2511.09116,duplicate,Confirmed exact DOI or publication-identity duplicate,EXACT-0259,DBLP::journals/corr/abs-2511-09116
IEEE Xplore::https://ieeexplore.ieee.org/stamp/stamp.jsp?arnumber=11037032,IEEE Xplore,https://ieeexplore.ieee.org/stamp/stamp.jsp?arnumber=11037032,Exploiting 6G RAN and Core Network Information for Intelligent Edge-Cloud Service Orchestration,2025,10.1109/eucnc/6gsummit63408.2025.11037032,https://ieeexplore.ieee.org/stamp/stamp.jsp?arnumber=11037032,duplicate,Confirmed exact DOI or publication-identity duplicate,EXACT-0260,Scopus::2-s2.0-105010647644
IEEE Xplore::https://ieeexplore.ieee.org/stamp/stamp.jsp?arnumber=9240037,IEEE Xplore,https://ieeexplore.ieee.org/stamp/stamp.jsp?arnumber=9240037,Extending Kubernetes Clusters to Low-Resource Edge Devices Using Virtual Kubelets,2022,10.1109/tcc.2020.3033807,https://ieeexplore.ieee.org/stamp/stamp.jsp?arnumber=9240037,duplicate,Confirmed exact DOI or publication-identity duplicate,EXACT-0261,Scopus::2-s2.0-85145020833
ACM Digital Library::10.1145/3731545.3731582,ACM Digital Library,10.1145/3731545.3731582,F3: An FPGA-accelerated FaaS Framework,2025,10.1145/3731545.3731582,https://doi.org/10.1145/3731545.3731582,duplicate,Confirmed exact DOI or publication-identity duplicate,EXACT-0262,Scopus::2-s2.0-105017974631
IEEE Xplore::https://ieeexplore.ieee.org/stamp/stamp.jsp?arnumber=10177391,IEEE Xplore,https://ieeexplore.ieee.org/stamp/stamp.jsp?arnumber=10177391,FIRST: Exploiting the Multi-Dimensional Attributes of Functions for Power-Aware Serverless Computing,2023,10.1109/ipdps54959.2023.00091,https://ieeexplore.ieee.org/stamp/stamp.jsp?arnumber=10177391,duplicate,Confirmed exact DOI or publication-identity duplicate,EXACT-0263,Scopus::2-s2.0-85166631933
IEEE Xplore::https://ieeexplore.ieee.org/stamp/stamp.jsp?arnumber=10955338,IEEE Xplore,https://ieeexplore.ieee.org/stamp/stamp.jsp?arnumber=10955338,FLEX-SCALE: A Disruptive Approach Toward Flexibly Scalable Energy Efficient Networking,2025,10.1109/mcom.001.2400283,https://ieeexplore.ieee.org/stamp/stamp.jsp?arnumber=10955338,duplicate,Confirmed exact DOI or publication-identity duplicate,EXACT-0264,Scopus::2-s2.0-105002478681
IEEE Xplore::https://ieeexplore.ieee.org/stamp/stamp.jsp?arnumber=9421361,IEEE Xplore,https://ieeexplore.ieee.org/stamp/stamp.jsp?arnumber=9421361,FPGA virtualization deployment based on Docker container technology,2020,10.1109/icmcce51767.2020.00109,https://ieeexplore.ieee.org/stamp/stamp.jsp?arnumber=9421361,duplicate,Confirmed exact DOI or publication-identity duplicate,EXACT-0265,Scopus::2-s2.0-85106912858
ACM Digital Library::10.1145/3783862.3783911,ACM Digital Library,10.1145/3783862.3783911,FT-Informer: A Frequency-Aware Hybrid Forecasting Model for Accurate Load Prediction in Cloud Computing Environments,2026,10.1145/3783862.3783911,https://doi.org/10.1145/3783862.3783911,duplicate,Confirmed exact DOI or publication-identity duplicate,EXACT-0266,Scopus::2-s2.0-105035771965
arXiv::1803.06178,arXiv,1803.06178,Fair non-monetary scheduling in federated clouds,2018,10.1145/3195870.3195873,https://arxiv.org/abs/1803.06178,duplicate,Confirmed exact DOI or publication-identity duplicate,EXACT-0267,ACM Digital Library::10.1145/3195870.3195873
IEEE Xplore::https://ieeexplore.ieee.org/stamp/stamp.jsp?arnumber=11555298,IEEE Xplore,https://ieeexplore.ieee.org/stamp/stamp.jsp?arnumber=11555298,Falcon: Random Network Distillation Enhanced Energy-Efficient Scheduling in Heterogeneous UAV-Enabled Edge Computing,2026,10.1109/wcnc65185.2026.11555298,https://ieeexplore.ieee.org/stamp/stamp.jsp?arnumber=11555298,duplicate,Confirmed exact DOI or publication-identity duplicate,EXACT-0268,Scopus::2-s2.0-105042756148
IEEE Xplore::https://ieeexplore.ieee.org/stamp/stamp.jsp?arnumber=11273894,IEEE Xplore,https://ieeexplore.ieee.org/stamp/stamp.jsp?arnumber=11273894,FedFog: A Serverless and Privacy-Aware Federated Learning Simulator for Edge–Fog Networks,2025,10.1109/iccke68588.2025.11273894,https://ieeexplore.ieee.org/stamp/stamp.jsp?arnumber=11273894,duplicate,Confirmed exact DOI or publication-identity duplicate,EXACT-0269,Scopus::2-s2.0-105030480998
IEEE Xplore::https://ieeexplore.ieee.org/stamp/stamp.jsp?arnumber=11178254,IEEE Xplore,https://ieeexplore.ieee.org/stamp/stamp.jsp?arnumber=11178254,Federated Intelligent Service Function Chain Orchestration in Future 6G Networks,2025,10.1109/tnsm.2025.3614346,https://ieeexplore.ieee.org/stamp/stamp.jsp?arnumber=11178254,duplicate,Confirmed exact DOI or publication-identity duplicate,EXACT-0270,Scopus::2-s2.0-105017405889
IEEE Xplore::https://ieeexplore.ieee.org/stamp/stamp.jsp?arnumber=11068449,IEEE Xplore,https://ieeexplore.ieee.org/stamp/stamp.jsp?arnumber=11068449,Federated Learning and MEC for Disaggregated RAN Monitoring in the 5G Non-Terrestrial Networks,2025,10.1109/aero63441.2025.11068449,https://ieeexplore.ieee.org/stamp/stamp.jsp?arnumber=11068449,duplicate,Confirmed exact DOI or publication-identity duplicate,EXACT-0271,Scopus::2-s2.0-105012212985
ACM Digital Library::10.1145/3423211.3425683,ACM Digital Library,10.1145/3423211.3425683,Fifer: Tackling Resource Underutilization in the Serverless Era,2020,10.1145/3423211.3425683,https://doi.org/10.1145/3423211.3425683,duplicate,Confirmed exact DOI or publication-identity duplicate,EXACT-0272,Scopus::2-s2.0-85098501448
IEEE Xplore::https://ieeexplore.ieee.org/stamp/stamp.jsp?arnumber=10254957,IEEE Xplore,https://ieeexplore.ieee.org/stamp/stamp.jsp?arnumber=10254957,Fine-Grained Heterogeneous Execution Framework with Energy Aware Scheduling,2023,10.1109/cloud60044.2023.00014,https://ieeexplore.ieee.org/stamp/stamp.jsp?arnumber=10254957,duplicate,Confirmed exact DOI or publication-identity duplicate,EXACT-0273,Scopus::2-s2.0-85174290226
DBLP::conf/ccnc/GiulianelliSMBC26,DBLP,conf/ccnc/GiulianelliSMBC26,Forging Industry 5.0 DevOps: Towards Secure and Scalable OT Orchestration Powered by Kubernetes.,2026,10.1109/ccnc65079.2026.11366408,https://dblp.org/rec/conf/ccnc/GiulianelliSMBC26,duplicate,Confirmed exact DOI or publication-identity duplicate,EXACT-0274,IEEE Xplore::https://ieeexplore.ieee.org/stamp/stamp.jsp?arnumber=11366408
IEEE Xplore::https://ieeexplore.ieee.org/stamp/stamp.jsp?arnumber=11603036,IEEE Xplore,https://ieeexplore.ieee.org/stamp/stamp.jsp?arnumber=11603036,From QA to Execution: Building an Action-Oriented AI Agent for Corporate Support,2026,10.1109/3scea68071.2026.11603036,https://ieeexplore.ieee.org/stamp/stamp.jsp?arnumber=11603036,duplicate,Confirmed exact DOI or publication-identity duplicate,EXACT-0275,Scopus::2-s2.0-105046071855
IEEE Xplore::https://ieeexplore.ieee.org/stamp/stamp.jsp?arnumber=11306960,IEEE Xplore,https://ieeexplore.ieee.org/stamp/stamp.jsp?arnumber=11306960,Green AI: A Dynamic Framework for Energy-Efficient Inference on Kubernetes,2025,10.1109/icwite64848.2025.11306960,https://ieeexplore.ieee.org/stamp/stamp.jsp?arnumber=11306960,duplicate,Confirmed exact DOI or publication-identity duplicate,EXACT-0276,Scopus::2-s2.0-105032389556
IEEE Xplore::https://ieeexplore.ieee.org/stamp/stamp.jsp?arnumber=11613055,IEEE Xplore,https://ieeexplore.ieee.org/stamp/stamp.jsp?arnumber=11613055,Green Autoscaler for Performance Aware Microservices: a Machine Learning Approach,2026,10.1109/icsa66085.2026.00032,https://ieeexplore.ieee.org/stamp/stamp.jsp?arnumber=11613055,duplicate,Confirmed exact DOI or publication-identity duplicate,EXACT-0277,Scopus::2-s2.0-105046490354
IEEE Xplore::https://ieeexplore.ieee.org/stamp/stamp.jsp?arnumber=11507295,IEEE Xplore,https://ieeexplore.ieee.org/stamp/stamp.jsp?arnumber=11507295,"Green Computing: A Comprehensive Survey of Energy-Aware Scheduling, VM Placement, and AI-Driven Optimization Techniques",2026,10.1109/i3ctcon68242.2026.11507295,https://ieeexplore.ieee.org/stamp/stamp.jsp?arnumber=11507295,duplicate,Confirmed exact DOI or publication-identity duplicate,EXACT-0278,Scopus::2-s2.0-105041614337
arXiv::2602.18287,arXiv,2602.18287,Green by Design: Constraint-Based Adaptive Deployment in the Cloud Continuum,2026,,https://arxiv.org/abs/2602.18287,duplicate,Confirmed exact DOI or publication-identity duplicate,EXACT-0279,Scopus::2-s2.0-105043546930
IEEE Xplore::https://ieeexplore.ieee.org/stamp/stamp.jsp?arnumber=10254745,IEEE Xplore,https://ieeexplore.ieee.org/stamp/stamp.jsp?arnumber=10254745,GreenKube: Towards Greener Container Orchestration using Artificial Intelligence,2023,10.1109/sose58276.2023.00023,https://ieeexplore.ieee.org/stamp/stamp.jsp?arnumber=10254745,duplicate,Confirmed exact DOI or publication-identity duplicate,EXACT-0280,Scopus::2-s2.0-85174897113
IEEE Xplore::https://ieeexplore.ieee.org/stamp/stamp.jsp?arnumber=11105266,IEEE Xplore,https://ieeexplore.ieee.org/stamp/stamp.jsp?arnumber=11105266,GreenPod: Energy-Optimized Scheduling for AIoT Workloads Using TOPSIS,2025,10.1109/aiiot65859.2025.11105266,https://ieeexplore.ieee.org/stamp/stamp.jsp?arnumber=11105266,duplicate,Confirmed exact DOI or publication-identity duplicate,EXACT-0281,Scopus::2-s2.0-105015437349
ACM Digital Library::10.1145/3773274.3774275,ACM Digital Library,10.1145/3773274.3774275,GreenWise: Intelligent Application Migration for Containerized Machine Learning Services in the Computing Continuum,2026,10.1145/3773274.3774275,https://doi.org/10.1145/3773274.3774275,duplicate,Confirmed exact DOI or publication-identity duplicate,EXACT-0282,Scopus::2-s2.0-105027132697
IEEE Xplore::https://ieeexplore.ieee.org/stamp/stamp.jsp?arnumber=11229358,IEEE Xplore,https://ieeexplore.ieee.org/stamp/stamp.jsp?arnumber=11229358,H2C-Scheduler: An Efficient and Scalable Job Scheduling Method for Hybrid Heterogeneous AI Computing Clusters,2025,10.1109/ijcnn64981.2025.11229358,https://ieeexplore.ieee.org/stamp/stamp.jsp?arnumber=11229358,duplicate,Confirmed exact DOI or publication-identity duplicate,EXACT-0283,Scopus::2-s2.0-105029233972
IEEE Xplore::https://ieeexplore.ieee.org/stamp/stamp.jsp?arnumber=11585397,IEEE Xplore,https://ieeexplore.ieee.org/stamp/stamp.jsp?arnumber=11585397,"HOURS: Lightweight, Orchestrated Security for UAV Swarm Telemetry",2026,10.1109/percomworkshops68308.2026.11585397,https://ieeexplore.ieee.org/stamp/stamp.jsp?arnumber=11585397,duplicate,Confirmed exact DOI or publication-identity duplicate,EXACT-0284,Scopus::2-s2.0-105044395664
IEEE Xplore::https://ieeexplore.ieee.org/stamp/stamp.jsp?arnumber=11315685,IEEE Xplore,https://ieeexplore.ieee.org/stamp/stamp.jsp?arnumber=11315685,Harnessing the Power of AI and Cloud Computing for Next-Generation Web Development: A Focus on Data-Driven Generative AI,2025,10.1109/icicnis66685.2025.11315685,https://ieeexplore.ieee.org/stamp/stamp.jsp?arnumber=11315685,duplicate,Confirmed exact DOI or publication-identity duplicate,EXACT-0285,Scopus::2-s2.0-105032745908
IEEE Xplore::https://ieeexplore.ieee.org/stamp/stamp.jsp?arnumber=11587947,IEEE Xplore,https://ieeexplore.ieee.org/stamp/stamp.jsp?arnumber=11587947,"Helios: Context-, Energy-, and Periodicity-Aware Orchestration for LEO Compute Clouds",2026,10.1109/icc59461.2026.11587947,https://ieeexplore.ieee.org/stamp/stamp.jsp?arnumber=11587947,duplicate,Confirmed exact DOI or publication-identity duplicate,EXACT-0286,Scopus::2-s2.0-105045350310
IEEE Xplore::https://ieeexplore.ieee.org/stamp/stamp.jsp?arnumber=10076221,IEEE Xplore,https://ieeexplore.ieee.org/stamp/stamp.jsp?arnumber=10076221,Heterogeneous Embedded Resource Management under Space-based Edge Computing Environment with Kubernetes Device Plugin,2023,10.1109/icpeca56706.2023.10076221,https://ieeexplore.ieee.org/stamp/stamp.jsp?arnumber=10076221,duplicate,Confirmed exact DOI or publication-identity duplicate,EXACT-0287,Scopus::2-s2.0-85152242155
IEEE Xplore::https://ieeexplore.ieee.org/stamp/stamp.jsp?arnumber=9112926,IEEE Xplore,https://ieeexplore.ieee.org/stamp/stamp.jsp?arnumber=9112926,Heterogeneous Task Co-location in Containerized Cloud Computing Environments,2020,10.1109/isorc49007.2020.00021,https://ieeexplore.ieee.org/stamp/stamp.jsp?arnumber=9112926,duplicate,Confirmed exact DOI or publication-identity duplicate,EXACT-0288,Scopus::2-s2.0-85088162872
Scopus::2-s2.0-105029744232,Scopus,2-s2.0-105029744232,High Availability Microclustering Server Using Kubernetes K3s and HAProxy on Raspberry Pi,2025,10.1109/icitacee66165.2025.11232600,https://www.scopus.com/pages/publications/105029744232?origin=resultslist,duplicate,Confirmed exact DOI or publication-identity duplicate,EXACT-0289,IEEE Xplore::https://ieeexplore.ieee.org/stamp/stamp.jsp?arnumber=11232600
IEEE Xplore::https://ieeexplore.ieee.org/stamp/stamp.jsp?arnumber=9294573,IEEE Xplore,https://ieeexplore.ieee.org/stamp/stamp.jsp?arnumber=9294573,High-Throughput and Low-Latency Hyperloop,2020,10.1109/itsc45102.2020.9294573,https://ieeexplore.ieee.org/stamp/stamp.jsp?arnumber=9294573,duplicate,Confirmed exact DOI or publication-identity duplicate,EXACT-0290,Scopus::2-s2.0-85099644854
IEEE Xplore::https://ieeexplore.ieee.org/stamp/stamp.jsp?arnumber=8498128,IEEE Xplore,https://ieeexplore.ieee.org/stamp/stamp.jsp?arnumber=8498128,HyPPO: Hybrid Performance-Aware Power-Capping Orchestrator,2018,10.1109/icac.2018.00017,https://ieeexplore.ieee.org/stamp/stamp.jsp?arnumber=8498128,duplicate,Confirmed exact DOI or publication-identity duplicate,EXACT-0291,Scopus::2-s2.0-85061318865
IEEE Xplore::https://ieeexplore.ieee.org/stamp/stamp.jsp?arnumber=9604371,IEEE Xplore,https://ieeexplore.ieee.org/stamp/stamp.jsp?arnumber=9604371,Hybrid Cloud Resource Scheduling With Multi-dimensional Configuration Requirements,2021,10.1109/services51467.2021.00049,https://ieeexplore.ieee.org/stamp/stamp.jsp?arnumber=9604371,duplicate,Confirmed exact DOI or publication-identity duplicate,EXACT-0292,Scopus::2-s2.0-85123700941
IEEE Xplore::https://ieeexplore.ieee.org/stamp/stamp.jsp?arnumber=11288032,IEEE Xplore,https://ieeexplore.ieee.org/stamp/stamp.jsp?arnumber=11288032,Hybrid Learning for Cold-Start-Aware Microservice Scheduling in Dynamic Edge Environments,2026,10.1109/tmc.2025.3641936,https://ieeexplore.ieee.org/stamp/stamp.jsp?arnumber=11288032,duplicate,Confirmed exact DOI or publication-identity duplicate,EXACT-0293,Scopus::2-s2.0-105024572688
IEEE Xplore::https://ieeexplore.ieee.org/stamp/stamp.jsp?arnumber=11314080,IEEE Xplore,https://ieeexplore.ieee.org/stamp/stamp.jsp?arnumber=11314080,Hybrid SDN-Based Data-Centric Mobile Core Network with Content-Based Routing,2025,10.1109/6gnet68413.2025.11314080,https://ieeexplore.ieee.org/stamp/stamp.jsp?arnumber=11314080,duplicate,Confirmed exact DOI or publication-identity duplicate,EXACT-0294,Scopus::2-s2.0-105032180464
IEEE Xplore::https://ieeexplore.ieee.org/stamp/stamp.jsp?arnumber=11544074,IEEE Xplore,https://ieeexplore.ieee.org/stamp/stamp.jsp?arnumber=11544074,Idle Fragmentation-Aware Resource Scheduling for Hyperscale Energy-Efficient Cloud Data Centers,2026,10.1109/ojcs.2026.3699545,https://ieeexplore.ieee.org/stamp/stamp.jsp?arnumber=11544074,duplicate,Confirmed exact DOI or publication-identity duplicate,EXACT-0295,Scopus::2-s2.0-105041328647
IEEE Xplore::https://ieeexplore.ieee.org/stamp/stamp.jsp?arnumber=10512963,IEEE Xplore,https://ieeexplore.ieee.org/stamp/stamp.jsp?arnumber=10512963,Implementation of GPU Scheduling Method for Kubernetes,2023,10.1109/ei259745.2023.10512963,https://ieeexplore.ieee.org/stamp/stamp.jsp?arnumber=10512963,duplicate,Confirmed exact DOI or publication-identity duplicate,EXACT-0296,Scopus::2-s2.0-85194152664
IEEE Xplore::https://ieeexplore.ieee.org/stamp/stamp.jsp?arnumber=11236859,IEEE Xplore,https://ieeexplore.ieee.org/stamp/stamp.jsp?arnumber=11236859,Implementing Machine Learning models in a Kubernetes cluster for a smart monitoring system,2025,10.1109/icoa66896.2025.11236859,https://ieeexplore.ieee.org/stamp/stamp.jsp?arnumber=11236859,duplicate,Confirmed exact DOI or publication-identity duplicate,EXACT-0297,Scopus::2-s2.0-105029625967
IEEE Xplore::https://ieeexplore.ieee.org/stamp/stamp.jsp?arnumber=9145582,IEEE Xplore,https://ieeexplore.ieee.org/stamp/stamp.jsp?arnumber=9145582,Improved QoS at the Edge Using Serverless Computing to Deploy Virtual Network Functions,2020,10.1109/jiot.2020.3011057,https://ieeexplore.ieee.org/stamp/stamp.jsp?arnumber=9145582,duplicate,Confirmed exact DOI or publication-identity duplicate,EXACT-0298,Scopus::2-s2.0-85092745086
IEEE Xplore::https://ieeexplore.ieee.org/stamp/stamp.jsp?arnumber=11044429,IEEE Xplore,https://ieeexplore.ieee.org/stamp/stamp.jsp?arnumber=11044429,Improving Far-Edge Device Management in IoT Applications Using Kubernetes,2025,10.1109/ojies.2025.3581076,https://ieeexplore.ieee.org/stamp/stamp.jsp?arnumber=11044429,duplicate,Confirmed exact DOI or publication-identity duplicate,EXACT-0299,Scopus::2-s2.0-105008918295
IEEE Xplore::https://ieeexplore.ieee.org/stamp/stamp.jsp?arnumber=11367349,IEEE Xplore,https://ieeexplore.ieee.org/stamp/stamp.jsp?arnumber=11367349,Improving Microservices Identification for Migration to Cloud-Native Applications,2026,10.1109/tsc.2026.3658420,https://ieeexplore.ieee.org/stamp/stamp.jsp?arnumber=11367349,duplicate,Confirmed exact DOI or publication-identity duplicate,EXACT-0300,Scopus::2-s2.0-105029048623
IEEE Xplore::https://ieeexplore.ieee.org/stamp/stamp.jsp?arnumber=10115658,IEEE Xplore,https://ieeexplore.ieee.org/stamp/stamp.jsp?arnumber=10115658,InSECTS Cloud Agnostic On-Orbit Processing for Satellite Development,2023,10.1109/aero55745.2023.10115658,https://ieeexplore.ieee.org/stamp/stamp.jsp?arnumber=10115658,duplicate,Confirmed exact DOI or publication-identity duplicate,EXACT-0301,Scopus::2-s2.0-85160542905
IEEE Xplore::https://ieeexplore.ieee.org/stamp/stamp.jsp?arnumber=11192389,IEEE Xplore,https://ieeexplore.ieee.org/stamp/stamp.jsp?arnumber=11192389,Integrating Reliability into Intent-Driven Orchestration on Kubernetes-based Edge Nodes,2025,10.1109/icnp65844.2025.11192389,https://ieeexplore.ieee.org/stamp/stamp.jsp?arnumber=11192389,duplicate,Confirmed exact DOI or publication-identity duplicate,EXACT-0302,Scopus::2-s2.0-105020667773
IEEE Xplore::https://ieeexplore.ieee.org/stamp/stamp.jsp?arnumber=11024071,IEEE Xplore,https://ieeexplore.ieee.org/stamp/stamp.jsp?arnumber=11024071,Integration and Optimization Strategy of Blockchain-Enabled Edge Computing System for Internet of Vehicles,2025,10.13052/jcsm2245-1439.1426,https://ieeexplore.ieee.org/stamp/stamp.jsp?arnumber=11024071,duplicate,Confirmed exact DOI or publication-identity duplicate,EXACT-0303,Scopus::2-s2.0-105009284875
IEEE Xplore::https://ieeexplore.ieee.org/stamp/stamp.jsp?arnumber=11275460,IEEE Xplore,https://ieeexplore.ieee.org/stamp/stamp.jsp?arnumber=11275460,Intent Based Networking for Service Management & Orchestration of 5G Networks,2025,10.1109/pimrc62392.2025.11275460,https://ieeexplore.ieee.org/stamp/stamp.jsp?arnumber=11275460,duplicate,Confirmed exact DOI or publication-identity duplicate,EXACT-0304,Scopus::2-s2.0-105030540530
IEEE Xplore::https://ieeexplore.ieee.org/stamp/stamp.jsp?arnumber=10089680,IEEE Xplore,https://ieeexplore.ieee.org/stamp/stamp.jsp?arnumber=10089680,Introducing PROOF - A PROcess Orchestration Framework for the Automation of Computational Scientific Workflows and Co-Simulations,2023,10.1109/osmses58477.2023.10089680,https://ieeexplore.ieee.org/stamp/stamp.jsp?arnumber=10089680,duplicate,Confirmed exact DOI or publication-identity duplicate,EXACT-0305,Scopus::2-s2.0-85153786604
IEEE Xplore::https://ieeexplore.ieee.org/stamp/stamp.jsp?arnumber=8705815,IEEE Xplore,https://ieeexplore.ieee.org/stamp/stamp.jsp?arnumber=8705815,Invited Paper: Improving Data Center Efficiency Through Holistic Scheduling In Kubernetes,2019,10.1109/sose.2019.00030,https://ieeexplore.ieee.org/stamp/stamp.jsp?arnumber=8705815,duplicate,Confirmed exact DOI or publication-identity duplicate,EXACT-0306,Scopus::2-s2.0-85065994795
IEEE Xplore::https://ieeexplore.ieee.org/stamp/stamp.jsp?arnumber=11331803,IEEE Xplore,https://ieeexplore.ieee.org/stamp/stamp.jsp?arnumber=11331803,Joint Autoscaling Method for Heterogeneous Containers in Power Systems Based on Improved DRL Algorithm,2025,10.1109/imcec66174.2025.11331803,https://ieeexplore.ieee.org/stamp/stamp.jsp?arnumber=11331803,duplicate,Confirmed exact DOI or publication-identity duplicate,EXACT-0307,Scopus::2-s2.0-105035313687
IEEE Xplore::https://ieeexplore.ieee.org/stamp/stamp.jsp?arnumber=10513364,IEEE Xplore,https://ieeexplore.ieee.org/stamp/stamp.jsp?arnumber=10513364,KBMP: Kubernetes-Orchestrated IoT Online Battery Monitoring Platform,2024,10.1109/jiot.2024.3395501,https://ieeexplore.ieee.org/stamp/stamp.jsp?arnumber=10513364,duplicate,Confirmed exact DOI or publication-identity duplicate,EXACT-0308,Scopus::2-s2.0-85192137272
IEEE Xplore::https://ieeexplore.ieee.org/stamp/stamp.jsp?arnumber=10596385,IEEE Xplore,https://ieeexplore.ieee.org/stamp/stamp.jsp?arnumber=10596385,KOptim: Kubernetes Optimization Framework,2024,10.1109/ipdpsw63119.2024.00159,https://ieeexplore.ieee.org/stamp/stamp.jsp?arnumber=10596385,duplicate,Confirmed exact DOI or publication-identity duplicate,EXACT-0309,Scopus::2-s2.0-85200762718
IEEE Xplore::https://ieeexplore.ieee.org/stamp/stamp.jsp?arnumber=10254956,IEEE Xplore,https://ieeexplore.ieee.org/stamp/stamp.jsp?arnumber=10254956,Kepler: A Framework to Calculate the Energy Consumption of Containerized Applications,2023,10.1109/cloud60044.2023.00017,https://ieeexplore.ieee.org/stamp/stamp.jsp?arnumber=10254956,duplicate,Confirmed exact DOI or publication-identity duplicate,EXACT-0310,Scopus::2-s2.0-85174254307
ACM Digital Library::10.1145/3472883.3486992,ACM Digital Library,10.1145/3472883.3486992,Kraken: Adaptive Container Provisioning for Deploying Dynamic DAGs in Serverless Platforms,2021,10.1145/3472883.3486992,https://doi.org/10.1145/3472883.3486992,duplicate,Confirmed exact DOI or publication-identity duplicate,EXACT-0311,Scopus::2-s2.0-85119277087
IEEE Xplore::https://ieeexplore.ieee.org/stamp/stamp.jsp?arnumber=8891040,IEEE Xplore,https://ieeexplore.ieee.org/stamp/stamp.jsp?arnumber=8891040,Kube-Knots: Resource Harvesting through Dynamic Container Orchestration in GPU-based Datacenters,2019,10.1109/cluster.2019.8891040,https://ieeexplore.ieee.org/stamp/stamp.jsp?arnumber=8891040,duplicate,Confirmed exact DOI or publication-identity duplicate,EXACT-0312,Scopus::2-s2.0-85075268776
arXiv::2210.14948,arXiv,2210.14948,kube-volttron: Rearchitecting the VOLTTRON Building Energy Management System for Cloud Native Deployment,2023,,https://arxiv.org/abs/2210.14948,duplicate,Confirmed exact DOI or publication-identity duplicate,EXACT-0313,Scopus::2-s2.0-85176936211
DBLP::journals/access/DhanyathaLLSGRGM26,DBLP,journals/access/DhanyathaLLSGRGM26,KubeAI-An AI-Powered Pod Placement Scheduler for Kubernetes.,2026,10.1109/access.2026.3696055,https://dblp.org/rec/journals/access/DhanyathaLLSGRGM26,duplicate,Confirmed exact DOI or publication-identity duplicate,EXACT-0314,IEEE Xplore::https://ieeexplore.ieee.org/stamp/stamp.jsp?arnumber=11534199
IEEE Xplore::https://ieeexplore.ieee.org/stamp/stamp.jsp?arnumber=10160632,IEEE Xplore,https://ieeexplore.ieee.org/stamp/stamp.jsp?arnumber=10160632,KubeROS: A Unified Platform for Automated and Scalable Deployment of ROS2-based Multi-Robot Applications,2023,10.1109/icra48891.2023.10160632,https://ieeexplore.ieee.org/stamp/stamp.jsp?arnumber=10160632,duplicate,Confirmed exact DOI or publication-identity duplicate,EXACT-0315,Scopus::2-s2.0-85167455029
arXiv::2105.00542,arXiv,2105.00542,Kubernetes Autoscaling: YoYo Attack Vulnerability and Mitigation,2021,10.5220/0010397900340044,https://arxiv.org/abs/2105.00542,duplicate,Confirmed exact DOI or publication-identity duplicate,EXACT-0316,Scopus::2-s2.0-85137578505
IEEE Xplore::https://ieeexplore.ieee.org/stamp/stamp.jsp?arnumber=11015029,IEEE Xplore,https://ieeexplore.ieee.org/stamp/stamp.jsp?arnumber=11015029,Kubernetes High-Availability Software Architecture Options for Two-Node Clusters in IoT Applications,2025,10.1109/icsa-c65153.2025.00018,https://ieeexplore.ieee.org/stamp/stamp.jsp?arnumber=11015029,duplicate,Confirmed exact DOI or publication-identity duplicate,EXACT-0317,Scopus::2-s2.0-105007935561
IEEE Xplore::https://ieeexplore.ieee.org/stamp/stamp.jsp?arnumber=10733692,IEEE Xplore,https://ieeexplore.ieee.org/stamp/stamp.jsp?arnumber=10733692,Kubernetes Horizontal Pod Autoscaler Enhanced Design for Protected Workloads,2024,10.1109/iscc61673.2024.10733692,https://ieeexplore.ieee.org/stamp/stamp.jsp?arnumber=10733692,duplicate,Confirmed exact DOI or publication-identity duplicate,EXACT-0318,Scopus::2-s2.0-85209189125
DBLP::conf/eia/AndersenMGA25,DBLP,conf/eia/AndersenMGA25,Kubernetes Scheduling for Green-Powered Microgrid Data Centers.,2025,10.1007/978-3-032-19134-2_19,https://dblp.org/rec/conf/eia/AndersenMGA25,duplicate,Confirmed exact DOI or publication-identity duplicate,EXACT-0319,Scopus::2-s2.0-105039219494
ACM Digital Library::10.1145/3539606,ACM Digital Library,10.1145/3539606,"Kubernetes Scheduling: Taxonomy, Ongoing Issues and Challenges",2022,10.1145/3539606,https://doi.org/10.1145/3539606,duplicate,Confirmed exact DOI or publication-identity duplicate,EXACT-0320,Scopus::2-s2.0-85134495149
IEEE Xplore::https://ieeexplore.ieee.org/stamp/stamp.jsp?arnumber=9458062,IEEE Xplore,https://ieeexplore.ieee.org/stamp/stamp.jsp?arnumber=9458062,Kubernetes-based Workload Allocation Optimizer for Minimizing Power Consumption of Computing System with Neural Network,2020,10.1109/csci51800.2020.00238,https://ieeexplore.ieee.org/stamp/stamp.jsp?arnumber=9458062,duplicate,Confirmed exact DOI or publication-identity duplicate,EXACT-0321,Scopus::2-s2.0-85113393253
IEEE Xplore::https://ieeexplore.ieee.org/stamp/stamp.jsp?arnumber=10502788,IEEE Xplore,https://ieeexplore.ieee.org/stamp/stamp.jsp?arnumber=10502788,LEASE: Leveraging Energy-Awareness in Serverless Edge for Latency-Sensitive IoT Services,2024,10.1109/percomworkshops59983.2024.10502788,https://ieeexplore.ieee.org/stamp/stamp.jsp?arnumber=10502788,duplicate,Confirmed exact DOI or publication-identity duplicate,EXACT-0322,Scopus::2-s2.0-85192467835
IEEE Xplore::https://ieeexplore.ieee.org/stamp/stamp.jsp?arnumber=11295499,IEEE Xplore,https://ieeexplore.ieee.org/stamp/stamp.jsp?arnumber=11295499,LLM - Driven Autonomous Cloud Automation Agent,2025,10.1109/csitss67709.2025.11295499,https://ieeexplore.ieee.org/stamp/stamp.jsp?arnumber=11295499,duplicate,Confirmed exact DOI or publication-identity duplicate,EXACT-0323,Scopus::2-s2.0-105031363031
ACM Digital Library::10.1145/3786148.3788624,ACM Digital Library,10.1145/3786148.3788624,Learning to Be Green: A Reinforcement Learning Agent for Sustainable Microservice Allocation in Cloud Computing,2026,10.1145/3786148.3788624,https://doi.org/10.1145/3786148.3788624,duplicate,Confirmed exact DOI or publication-identity duplicate,EXACT-0324,Scopus::2-s2.0-105044695453
ACM Digital Library::10.1145/3770501.3770504,ACM Digital Library,10.1145/3770501.3770504,Leveraging Kubernetes at MEC for Vehicular CAN Bus Data Collection,2025,10.1145/3770501.3770504,https://doi.org/10.1145/3770501.3770504,duplicate,Confirmed exact DOI or publication-identity duplicate,EXACT-0325,Scopus::2-s2.0-105025571853
IEEE Xplore::https://ieeexplore.ieee.org/stamp/stamp.jsp?arnumber=11219343,IEEE Xplore,https://ieeexplore.ieee.org/stamp/stamp.jsp?arnumber=11219343,Lightweight Application Distribution With Automated and Real-Time Computing and Communication (ARC2) in Microcomputer Clusters,2026,10.1109/tpds.2025.3626327,https://ieeexplore.ieee.org/stamp/stamp.jsp?arnumber=11219343,duplicate,Confirmed exact DOI or publication-identity duplicate,EXACT-0326,Scopus::2-s2.0-105020270322
IEEE Xplore::https://ieeexplore.ieee.org/stamp/stamp.jsp?arnumber=11396963,IEEE Xplore,https://ieeexplore.ieee.org/stamp/stamp.jsp?arnumber=11396963,LoAPE: A Load-Aware and Power-Elastic Platform for Green Serverless Computing,2026,10.1109/tc.2026.3663410,https://ieeexplore.ieee.org/stamp/stamp.jsp?arnumber=11396963,duplicate,Confirmed exact DOI or publication-identity duplicate,EXACT-0327,Scopus::2-s2.0-105030663539
IEEE Xplore::https://ieeexplore.ieee.org/stamp/stamp.jsp?arnumber=11416605,IEEE Xplore,https://ieeexplore.ieee.org/stamp/stamp.jsp?arnumber=11416605,Load Balancing Framework for Scalable Container Orchestration in Large Scale Microservices based Cloud Platforms,2026,10.1109/icears67481.2026.11416605,https://ieeexplore.ieee.org/stamp/stamp.jsp?arnumber=11416605,duplicate,Confirmed exact DOI or publication-identity duplicate,EXACT-0328,Scopus::2-s2.0-105035746860
IEEE Xplore::https://ieeexplore.ieee.org/stamp/stamp.jsp?arnumber=11405674,IEEE Xplore,https://ieeexplore.ieee.org/stamp/stamp.jsp?arnumber=11405674,Localized Large Model Trusted Computing System Based on LAN Computing Resource Pool Construction,2025,10.1109/isceic67854.2025.11405674,https://ieeexplore.ieee.org/stamp/stamp.jsp?arnumber=11405674,duplicate,Confirmed exact DOI or publication-identity duplicate,EXACT-0329,Scopus::2-s2.0-105035366831
ACM Digital Library::10.1145/3777884.3796989,ACM Digital Library,10.1145/3777884.3796989,Low-Latency ML Offloading Across Edge and IoT Devices,2026,10.1145/3777884.3796989,https://doi.org/10.1145/3777884.3796989,duplicate,Confirmed exact DOI or publication-identity duplicate,EXACT-0330,Scopus::2-s2.0-105044296555
IEEE Xplore::https://ieeexplore.ieee.org/stamp/stamp.jsp?arnumber=11083178,IEEE Xplore,https://ieeexplore.ieee.org/stamp/stamp.jsp?arnumber=11083178,MO-DDPG: An Affinity and Anti-Affinity-Based Container Service Migration Strategy in MEC,2024,10.1109/hpcc64274.2024.00088,https://ieeexplore.ieee.org/stamp/stamp.jsp?arnumber=11083178,duplicate,Confirmed exact DOI or publication-identity duplicate,EXACT-0331,Scopus::2-s2.0-105013073454
IEEE Xplore::https://ieeexplore.ieee.org/stamp/stamp.jsp?arnumber=11237982,IEEE Xplore,https://ieeexplore.ieee.org/stamp/stamp.jsp?arnumber=11237982,Management of active distribution grids using a distributed digital twin architecture,2025,10.1049/icp.2025.1614,https://ieeexplore.ieee.org/stamp/stamp.jsp?arnumber=11237982,duplicate,Confirmed exact DOI or publication-identity duplicate,EXACT-0332,Scopus::2-s2.0-105027420931
IEEE Xplore::https://ieeexplore.ieee.org/stamp/stamp.jsp?arnumber=10036262,IEEE Xplore,https://ieeexplore.ieee.org/stamp/stamp.jsp?arnumber=10036262,Managing a Kubernetes Cluster on Raspberry Pi Devices,2022,10.1109/sisy56759.2022.10036262,https://ieeexplore.ieee.org/stamp/stamp.jsp?arnumber=10036262,duplicate,Confirmed exact DOI or publication-identity duplicate,EXACT-0333,Scopus::2-s2.0-85149137730
Scopus::2-s2.0-105022386896,Scopus,2-s2.0-105022386896,Mastering Linux Administration: Take your sysadmin skills to the next level by configuring and maintaining Linux systems,2024,,https://www.scopus.com/pages/publications/105022386896?origin=resultslist,duplicate,Confirmed exact DOI or publication-identity duplicate,EXACT-0334,IEEE Xplore::https://ieeexplore.ieee.org/xpl/ebooks/bookPdfWithBanner.jsp?fileName=10522562.pdf&bkn=10522562&pdfType=book
arXiv::2302.06971,arXiv,2302.06971,MicroFog: A Framework for Scalable Placement of Microservices-based IoT Applications in Federated Fog Environments,2023,,https://arxiv.org/abs/2302.06971,duplicate,Confirmed exact DOI or publication-identity duplicate,EXACT-0335,Scopus::2-s2.0-85179470424
IEEE Xplore::https://ieeexplore.ieee.org/stamp/stamp.jsp?arnumber=11478694,IEEE Xplore,https://ieeexplore.ieee.org/stamp/stamp.jsp?arnumber=11478694,MicroMaps: Ontology-Driven Semantic Geospatial Data Fusion Approach for IoT Integration and Decision Making in Smart Cities,2025,10.1109/iccbdc67784.2025.00023,https://ieeexplore.ieee.org/stamp/stamp.jsp?arnumber=11478694,duplicate,Confirmed exact DOI or publication-identity duplicate,EXACT-0336,Scopus::2-s2.0-105037575898
IEEE Xplore::https://ieeexplore.ieee.org/stamp/stamp.jsp?arnumber=8818401,IEEE Xplore,https://ieeexplore.ieee.org/stamp/stamp.jsp?arnumber=8818401,Microscaler: Automatic Scaling for Microservices with an Online Learning Approach,2019,10.1109/icws.2019.00023,https://ieeexplore.ieee.org/stamp/stamp.jsp?arnumber=8818401,duplicate,Confirmed exact DOI or publication-identity duplicate,EXACT-0337,Scopus::2-s2.0-85072782163
IEEE Xplore::https://ieeexplore.ieee.org/stamp/stamp.jsp?arnumber=9057418,IEEE Xplore,https://ieeexplore.ieee.org/stamp/stamp.jsp?arnumber=9057418,Microscaler: Cost-Effective Scaling for Microservice Applications in the Cloud With an Online Learning Approach,2022,10.1109/tcc.2020.2985352,https://ieeexplore.ieee.org/stamp/stamp.jsp?arnumber=9057418,duplicate,Confirmed exact DOI or publication-identity duplicate,EXACT-0338,Scopus::2-s2.0-85132333533
IEEE Xplore::https://ieeexplore.ieee.org/stamp/stamp.jsp?arnumber=11479071,IEEE Xplore,https://ieeexplore.ieee.org/stamp/stamp.jsp?arnumber=11479071,Microservices Optimization with Container Orchestration and Auto-Scaling Strategies in Cloud Environments,2026,10.1109/icses66558.2026.11479071,https://ieeexplore.ieee.org/stamp/stamp.jsp?arnumber=11479071,duplicate,Confirmed exact DOI or publication-identity duplicate,EXACT-0339,Scopus::2-s2.0-105038364342
ACM Digital Library::10.1145/3583740.3626613,ACM Digital Library,10.1145/3583740.3626613,Middleware Support for Edge Data Analytics over Heterogeneous Scenarios,2024,10.1145/3583740.3626613,https://doi.org/10.1145/3583740.3626613,duplicate,Confirmed exact DOI or publication-identity duplicate,EXACT-0340,IEEE Xplore::https://ieeexplore.ieee.org/stamp/stamp.jsp?arnumber=10419311
arXiv::2102.12751,arXiv,2102.12751,Migration of CMSWEB Cluster at CERN to Kubernetes,2021,10.22323/1.390.0911,https://arxiv.org/abs/2102.12751,duplicate,Confirmed exact DOI or publication-identity duplicate,EXACT-0341,Scopus::2-s2.0-85105523657
IEEE Xplore::https://ieeexplore.ieee.org/stamp/stamp.jsp?arnumber=11603475,IEEE Xplore,https://ieeexplore.ieee.org/stamp/stamp.jsp?arnumber=11603475,Migration-Driven Energy Consumption Optimisation Atop Cloud Continuum,2026,10.1109/netsoft70012.2026.11603475,https://ieeexplore.ieee.org/stamp/stamp.jsp?arnumber=11603475,duplicate,Confirmed exact DOI or publication-identity duplicate,EXACT-0342,Scopus::2-s2.0-105045826904
IEEE Xplore::https://ieeexplore.ieee.org/stamp/stamp.jsp?arnumber=10868762,IEEE Xplore,https://ieeexplore.ieee.org/stamp/stamp.jsp?arnumber=10868762,Minimizing Carbon Emissions in Container Shipping Using Quantum-Inspired Approaches,2024,10.1109/ispacs62486.2024.10868762,https://ieeexplore.ieee.org/stamp/stamp.jsp?arnumber=10868762,duplicate,Confirmed exact DOI or publication-identity duplicate,EXACT-0343,Scopus::2-s2.0-105001494635
IEEE Xplore::https://ieeexplore.ieee.org/stamp/stamp.jsp?arnumber=11274535,IEEE Xplore,https://ieeexplore.ieee.org/stamp/stamp.jsp?arnumber=11274535,Mixed-Runtime Pod Networking for Kubernetes-Based Edge Computing,2025,10.1109/access.2025.3639761,https://ieeexplore.ieee.org/stamp/stamp.jsp?arnumber=11274535,duplicate,Confirmed exact DOI or publication-identity duplicate,EXACT-0344,Scopus::2-s2.0-105023860218
IEEE Xplore::https://ieeexplore.ieee.org/stamp/stamp.jsp?arnumber=10347188,IEEE Xplore,https://ieeexplore.ieee.org/stamp/stamp.jsp?arnumber=10347188,Model-Driven Dependability and Power Consumption Quantification of Kubernetes-Based Cloud-Fog Continuum,2023,10.1109/access.2023.3340195,https://ieeexplore.ieee.org/stamp/stamp.jsp?arnumber=10347188,duplicate,Confirmed exact DOI or publication-identity duplicate,EXACT-0345,Scopus::2-s2.0-85179793315
IEEE Xplore::https://ieeexplore.ieee.org/stamp/stamp.jsp?arnumber=10207647,IEEE Xplore,https://ieeexplore.ieee.org/stamp/stamp.jsp?arnumber=10207647,Multi-Application Hierarchical Autoscaling for Kubernetes Edge Clusters,2023,10.1109/smartcomp58114.2023.00074,https://ieeexplore.ieee.org/stamp/stamp.jsp?arnumber=10207647,duplicate,Confirmed exact DOI or publication-identity duplicate,EXACT-0346,Scopus::2-s2.0-85169429448
IEEE Xplore::https://ieeexplore.ieee.org/stamp/stamp.jsp?arnumber=9047259,IEEE Xplore,https://ieeexplore.ieee.org/stamp/stamp.jsp?arnumber=9047259,Multi-Granularity Power Prediction for Data Center Operations via Long Short-Term Memory Network,2019,10.1109/ispa-bdcloud-sustaincom-socialcom48970.2019.00037,https://ieeexplore.ieee.org/stamp/stamp.jsp?arnumber=9047259,duplicate,Confirmed exact DOI or publication-identity duplicate,EXACT-0347,Scopus::2-s2.0-85085476691
ACM Digital Library::10.1145/3603166.3632536,ACM Digital Library,10.1145/3603166.3632536,Multi-Objective Optimisation of Container Orchestration Systems,2024,10.1145/3603166.3632536,https://doi.org/10.1145/3603166.3632536,duplicate,Confirmed exact DOI or publication-identity duplicate,EXACT-0348,Scopus::2-s2.0-85191655414
DBLP::journals/candie/NiuYYY22,DBLP,journals/candie/NiuYYY22,Multi-equipment coordinated scheduling strategy of U-shaped automated container terminal considering energy consumption.,2022,10.1016/j.cie.2022.108804,https://dblp.org/rec/journals/candie/NiuYYY22,duplicate,Confirmed exact DOI or publication-identity duplicate,EXACT-0349,Scopus::2-s2.0-85141911560
IEEE Xplore::https://ieeexplore.ieee.org/stamp/stamp.jsp?arnumber=10588892,IEEE Xplore,https://ieeexplore.ieee.org/stamp/stamp.jsp?arnumber=10588892,NFScaler: AI-Powered 5G-and-Beyond Network Function Scaler for QoS Assurance and Energy Efficiency,2024,10.1109/netsoft60951.2024.10588892,https://ieeexplore.ieee.org/stamp/stamp.jsp?arnumber=10588892,duplicate,Confirmed exact DOI or publication-identity duplicate,EXACT-0350,Scopus::2-s2.0-85199575323
DBLP::conf/infocom/WojciechowskiOL21,DBLP,conf/infocom/WojciechowskiOL21,NetMARKS: Network Metrics-AwaRe Kubernetes Scheduler Powered by Service Mesh.,2021,10.1109/infocom42981.2021.9488670,https://dblp.org/rec/conf/infocom/WojciechowskiOL21,duplicate,Confirmed exact DOI or publication-identity duplicate,EXACT-0351,IEEE Xplore::https://ieeexplore.ieee.org/stamp/stamp.jsp?arnumber=9488670
ACM Digital Library::10.1145/3546037.3546050,ACM Digital Library,10.1145/3546037.3546050,Network-accelerated cluster scheduler,2022,10.1145/3546037.3546050,https://doi.org/10.1145/3546037.3546050,duplicate,Confirmed exact DOI or publication-identity duplicate,EXACT-0352,Scopus::2-s2.0-85141664563
arXiv::2510.19805,arXiv,2510.19805,Next Generation Cloud-native In-Memory Stores: From Redis to Valkey and Beyond,2026,,https://arxiv.org/abs/2510.19805,duplicate,Confirmed exact DOI or publication-identity duplicate,EXACT-0353,Scopus::2-s2.0-105040599383
IEEE Xplore::https://ieeexplore.ieee.org/stamp/stamp.jsp?arnumber=11534611,IEEE Xplore,https://ieeexplore.ieee.org/stamp/stamp.jsp?arnumber=11534611,OMARF: An Orchestrated Multi-Agent Resilience Framework for Autonomic Software-Defined Offshore Wind Industrial Networks,2026,10.1109/access.2026.3696556,https://ieeexplore.ieee.org/stamp/stamp.jsp?arnumber=11534611,duplicate,Confirmed exact DOI or publication-identity duplicate,EXACT-0354,Scopus::2-s2.0-105040225592
ACM Digital Library::10.1145/3361525.3361534,ACM Digital Library,10.1145/3361525.3361534,OS-Augmented Oversubscription of Opportunistic Memory with a User-Assisted OOM Killer,2019,10.1145/3361525.3361534,https://doi.org/10.1145/3361525.3361534,duplicate,Confirmed exact DOI or publication-identity duplicate,EXACT-0355,Scopus::2-s2.0-85078008646
ACM Digital Library::10.1145/3624486.3624490,ACM Digital Library,10.1145/3624486.3624490,On the Containerization and Orchestration of RISC-V architectures for Edge-Cloud computing,2023,10.1145/3624486.3624490,https://doi.org/10.1145/3624486.3624490,duplicate,Confirmed exact DOI or publication-identity duplicate,EXACT-0356,Scopus::2-s2.0-85175458997
IEEE Xplore::https://ieeexplore.ieee.org/stamp/stamp.jsp?arnumber=11479074,IEEE Xplore,https://ieeexplore.ieee.org/stamp/stamp.jsp?arnumber=11479074,OptimaCore: A Real-Time Low-Latency Framework for Cloud-Native Applications,2026,10.1109/ncc68160.2026.11479074,https://ieeexplore.ieee.org/stamp/stamp.jsp?arnumber=11479074,duplicate,Confirmed exact DOI or publication-identity duplicate,EXACT-0357,Scopus::2-s2.0-105037844137
IEEE Xplore::https://ieeexplore.ieee.org/stamp/stamp.jsp?arnumber=11078175,IEEE Xplore,https://ieeexplore.ieee.org/stamp/stamp.jsp?arnumber=11078175,Optimal distribution of applications in a server center,2025,10.1109/ines67149.2025.11078175,https://ieeexplore.ieee.org/stamp/stamp.jsp?arnumber=11078175,duplicate,Confirmed exact DOI or publication-identity duplicate,EXACT-0358,Scopus::2-s2.0-105012713265
IEEE Xplore::https://ieeexplore.ieee.org/stamp/stamp.jsp?arnumber=10494738,IEEE Xplore,https://ieeexplore.ieee.org/stamp/stamp.jsp?arnumber=10494738,Optimized Encryption-Integrated Strategy for Containers Scheduling and Secure Migration in Multi-Cloud Data Centers,2024,10.1109/access.2024.3386169,https://ieeexplore.ieee.org/stamp/stamp.jsp?arnumber=10494738,duplicate,Confirmed exact DOI or publication-identity duplicate,EXACT-0359,Scopus::2-s2.0-85190174438
IEEE Xplore::https://ieeexplore.ieee.org/stamp/stamp.jsp?arnumber=11392787,IEEE Xplore,https://ieeexplore.ieee.org/stamp/stamp.jsp?arnumber=11392787,Optimizing Cloud Service Efficiency With Infrastructure-Aware Scheduling,2026,10.1109/access.2026.3663565,https://ieeexplore.ieee.org/stamp/stamp.jsp?arnumber=11392787,duplicate,Confirmed exact DOI or publication-identity duplicate,EXACT-0360,Scopus::2-s2.0-105029870598
IEEE Xplore::https://ieeexplore.ieee.org/stamp/stamp.jsp?arnumber=9720742,IEEE Xplore,https://ieeexplore.ieee.org/stamp/stamp.jsp?arnumber=9720742,Optimizing constraint driven container orchestration policies in a cloud environment,2022,10.1109/ccwc54503.2022.9720742,https://ieeexplore.ieee.org/stamp/stamp.jsp?arnumber=9720742,duplicate,Confirmed exact DOI or publication-identity duplicate,EXACT-0361,Scopus::2-s2.0-85127637768
IEEE Xplore::https://ieeexplore.ieee.org/stamp/stamp.jsp?arnumber=11507587,IEEE Xplore,https://ieeexplore.ieee.org/stamp/stamp.jsp?arnumber=11507587,Orchestrating Distributed Edge Resources with Cloud Native Frameworks,2025,10.1109/rcsm67767.2025.11507587,https://ieeexplore.ieee.org/stamp/stamp.jsp?arnumber=11507587,duplicate,Confirmed exact DOI or publication-identity duplicate,EXACT-0362,Scopus::2-s2.0-105041550030
IEEE Xplore::https://ieeexplore.ieee.org/stamp/stamp.jsp?arnumber=8916246,IEEE Xplore,https://ieeexplore.ieee.org/stamp/stamp.jsp?arnumber=8916246,PCP-2LSTM: Two Stacked LSTM-Based Prediction Model for Power Consumption in Data Centers,2019,10.1109/cbd.2019.00013,https://ieeexplore.ieee.org/stamp/stamp.jsp?arnumber=8916246,duplicate,Confirmed exact DOI or publication-identity duplicate,EXACT-0363,Scopus::2-s2.0-85076881394
IEEE Xplore::https://ieeexplore.ieee.org/stamp/stamp.jsp?arnumber=11152926,IEEE Xplore,https://ieeexplore.ieee.org/stamp/stamp.jsp?arnumber=11152926,PERX: Energy-aware O-RAN Service Orchestration with Pairwise Performance Profiling,2025,10.1109/infocomwkshps65812.2025.11152926,https://ieeexplore.ieee.org/stamp/stamp.jsp?arnumber=11152926,duplicate,Confirmed exact DOI or publication-identity duplicate,EXACT-0364,Scopus::2-s2.0-105017960408
IEEE Xplore::https://ieeexplore.ieee.org/stamp/stamp.jsp?arnumber=9196364,IEEE Xplore,https://ieeexplore.ieee.org/stamp/stamp.jsp?arnumber=9196364,PRESTO: a latency-aware power-capping orchestrator for cloud-native microservices,2020,10.1109/acsos49614.2020.00021,https://ieeexplore.ieee.org/stamp/stamp.jsp?arnumber=9196364,duplicate,Confirmed exact DOI or publication-identity duplicate,EXACT-0365,Scopus::2-s2.0-85092705830
IEEE Xplore::https://ieeexplore.ieee.org/stamp/stamp.jsp?arnumber=10014999,IEEE Xplore,https://ieeexplore.ieee.org/stamp/stamp.jsp?arnumber=10014999,Partition Placement and Resource Allocation for Multiple DNN-Based Applications in Heterogeneous IoT Environments,2023,10.1109/jiot.2023.3235993,https://ieeexplore.ieee.org/stamp/stamp.jsp?arnumber=10014999,duplicate,Confirmed exact DOI or publication-identity duplicate,EXACT-0366,Scopus::2-s2.0-85151377588
IEEE Xplore::https://ieeexplore.ieee.org/stamp/stamp.jsp?arnumber=10428173,IEEE Xplore,https://ieeexplore.ieee.org/stamp/stamp.jsp?arnumber=10428173,Performance Analysis of Cloud Hypervisor Using Network Package Workloads in Virtualization,2023,10.1109/smart59791.2023.10428173,https://ieeexplore.ieee.org/stamp/stamp.jsp?arnumber=10428173,duplicate,Confirmed exact DOI or publication-identity duplicate,EXACT-0367,Scopus::2-s2.0-85186746367
IEEE Xplore::https://ieeexplore.ieee.org/xpl/ebooks/bookPdfWithBanner.jsp?fileName=10951863.pdf&bkn=10950236&pdfType=chapter,IEEE Xplore,https://ieeexplore.ieee.org/xpl/ebooks/bookPdfWithBanner.jsp?fileName=10951863.pdf&bkn=10950236&pdfType=chapter,Performance Analysis of Cloud Hypervisor Using Network Package Workloads in Virtualization,2024,10.1002/9781394200801.ch12,https://ieeexplore.ieee.org/xpl/ebooks/bookPdfWithBanner.jsp?fileName=10951863.pdf&bkn=10950236&pdfType=chapter,duplicate,Confirmed exact DOI or publication-identity duplicate,EXACT-0368,Scopus::2-s2.0-85218024789
IEEE Xplore::https://ieeexplore.ieee.org/stamp/stamp.jsp?arnumber=11485285,IEEE Xplore,https://ieeexplore.ieee.org/stamp/stamp.jsp?arnumber=11485285,Performance Evaluation of Containerization and Virtualization in Hybrid Cloud Platforms,2026,10.1109/ictp67998.2026.11485285,https://ieeexplore.ieee.org/stamp/stamp.jsp?arnumber=11485285,duplicate,Confirmed exact DOI or publication-identity duplicate,EXACT-0369,Scopus::2-s2.0-105038346648
IEEE Xplore::https://ieeexplore.ieee.org/stamp/stamp.jsp?arnumber=10837045,IEEE Xplore,https://ieeexplore.ieee.org/stamp/stamp.jsp?arnumber=10837045,Performance Evaluation of the Nature-Inspired Algorithms for Container Scheduling for Elastic Containerized Multi-Cloud,2024,10.1109/icbds61829.2024.10837045,https://ieeexplore.ieee.org/stamp/stamp.jsp?arnumber=10837045,duplicate,Confirmed exact DOI or publication-identity duplicate,EXACT-0370,Scopus::2-s2.0-85218073025
IEEE Xplore::https://ieeexplore.ieee.org/stamp/stamp.jsp?arnumber=11391052,IEEE Xplore,https://ieeexplore.ieee.org/stamp/stamp.jsp?arnumber=11391052,Performance and Cost Optimization of Federated LLM Agents in Edge Computing Environments,2025,10.1109/fllm67465.2025.11391052,https://ieeexplore.ieee.org/stamp/stamp.jsp?arnumber=11391052,duplicate,Confirmed exact DOI or publication-identity duplicate,EXACT-0371,Scopus::2-s2.0-105035915042
IEEE Xplore::https://ieeexplore.ieee.org/stamp/stamp.jsp?arnumber=11062769,IEEE Xplore,https://ieeexplore.ieee.org/stamp/stamp.jsp?arnumber=11062769,Policy-Based Reinforcement Learning for Online Container Scheduling in Meta Computing,2024,10.1109/icmc60390.2024.00040,https://ieeexplore.ieee.org/stamp/stamp.jsp?arnumber=11062769,duplicate,Confirmed exact DOI or publication-identity duplicate,EXACT-0372,Scopus::2-s2.0-105012226439
IEEE Xplore::https://ieeexplore.ieee.org/stamp/stamp.jsp?arnumber=10744068,IEEE Xplore,https://ieeexplore.ieee.org/stamp/stamp.jsp?arnumber=10744068,Positioning and application practice of personal cloud service infrastructure in the computing power network,2024,10.1109/ngdn61651.2024.10744068,https://ieeexplore.ieee.org/stamp/stamp.jsp?arnumber=10744068,duplicate,Confirmed exact DOI or publication-identity duplicate,EXACT-0373,Scopus::2-s2.0-85211375692
ACM Digital Library::10.1145/3773274.3774698,ACM Digital Library,10.1145/3773274.3774698,"Power Aware Cluster Orchestration: Taxonomy, Initial Results, and Challenges",2026,10.1145/3773274.3774698,https://doi.org/10.1145/3773274.3774698,duplicate,Confirmed exact DOI or publication-identity duplicate,EXACT-0374,Scopus::2-s2.0-105027188573
DBLP::conf/ispan/MenouerMCD19,DBLP,conf/ispan/MenouerMCD19,Power Efficiency Containers Scheduling Approach Based on Machine Learning Technique for Cloud Computing Environment.,2019,10.1007/978-3-030-30143-9_16,https://dblp.org/rec/conf/ispan/MenouerMCD19,duplicate,Confirmed exact DOI or publication-identity duplicate,EXACT-0375,Scopus::2-s2.0-85076834795
arXiv::2606.03464,arXiv,2606.03464,Predicting Lakehouse Performance in Clouds: An Empirical Exploration of Query Runtime Variance,2026,,https://arxiv.org/abs/2606.03464,duplicate,Confirmed exact DOI or publication-identity duplicate,EXACT-0376,IEEE Xplore::https://ieeexplore.ieee.org/stamp/stamp.jsp?arnumber=11662407
IEEE Xplore::https://ieeexplore.ieee.org/stamp/stamp.jsp?arnumber=9792749,IEEE Xplore,https://ieeexplore.ieee.org/stamp/stamp.jsp?arnumber=9792749,Predictive Scaling of Elastic Pod Instances for Modern Applications on Public Cloud through Long Short-Term Memory,2022,10.1109/icaaic53929.2022.9792749,https://ieeexplore.ieee.org/stamp/stamp.jsp?arnumber=9792749,duplicate,Confirmed exact DOI or publication-identity duplicate,EXACT-0377,Scopus::2-s2.0-85133468262
IEEE Xplore::https://ieeexplore.ieee.org/stamp/stamp.jsp?arnumber=11536606,IEEE Xplore,https://ieeexplore.ieee.org/stamp/stamp.jsp?arnumber=11536606,Predictive Self-Healing for Multi-Agent LLM Pipelines Using Model Predictive Control,2026,10.1109/sustech67720.2026.11536606,https://ieeexplore.ieee.org/stamp/stamp.jsp?arnumber=11536606,duplicate,Confirmed exact DOI or publication-identity duplicate,EXACT-0378,Scopus::2-s2.0-105041684598
IEEE Xplore::https://ieeexplore.ieee.org/stamp/stamp.jsp?arnumber=10643925,IEEE Xplore,https://ieeexplore.ieee.org/stamp/stamp.jsp?arnumber=10643925,Process-Based Efficient Power Level Exporter,2024,10.1109/cloud62652.2024.00058,https://ieeexplore.ieee.org/stamp/stamp.jsp?arnumber=10643925,duplicate,Confirmed exact DOI or publication-identity duplicate,EXACT-0380,Scopus::2-s2.0-85203294559
IEEE Xplore::https://ieeexplore.ieee.org/stamp/stamp.jsp?arnumber=11237796,IEEE Xplore,https://ieeexplore.ieee.org/stamp/stamp.jsp?arnumber=11237796,Proposal of platform for AC/DC hybrid distribution network operation,2025,10.1049/icp.2025.1929,https://ieeexplore.ieee.org/stamp/stamp.jsp?arnumber=11237796,duplicate,Confirmed exact DOI or publication-identity duplicate,EXACT-0381,Scopus::2-s2.0-105027405383
ACM Digital Library::10.1145/3659995.3660037,ACM Digital Library,10.1145/3659995.3660037,Proteus: Towards Intent-driven Automated Resource Management Framework for Edge Sensor Nodes,2024,10.1145/3659995.3660037,https://doi.org/10.1145/3659995.3660037,duplicate,Confirmed exact DOI or publication-identity duplicate,EXACT-0382,Scopus::2-s2.0-85207067533
arXiv::2510.09851,arXiv,2510.09851,QONNECT: A QoS-Aware Orchestration System for Distributed Kubernetes Clusters,2025,,https://arxiv.org/abs/2510.09851,duplicate,Confirmed exact DOI or publication-identity duplicate,EXACT-0383,Scopus::2-s2.0-105028356870
IEEE Xplore::https://ieeexplore.ieee.org/stamp/stamp.jsp?arnumber=7876182,IEEE Xplore,https://ieeexplore.ieee.org/stamp/stamp.jsp?arnumber=7876182,Randomized load balancing with a helper,2017,10.1109/iccnc.2017.7876182,https://ieeexplore.ieee.org/stamp/stamp.jsp?arnumber=7876182,duplicate,Confirmed exact DOI or publication-identity duplicate,EXACT-0384,Scopus::2-s2.0-85017401234
ACM Digital Library::10.1145/3659994.3660310,ACM Digital Library,10.1145/3659994.3660310,Reactive Autoscaling of Kubernetes Nodes,2024,10.1145/3659994.3660310,https://doi.org/10.1145/3659994.3660310,duplicate,Confirmed exact DOI or publication-identity duplicate,EXACT-0385,Scopus::2-s2.0-85201236338
IEEE Xplore::https://ieeexplore.ieee.org/stamp/stamp.jsp?arnumber=10376046,IEEE Xplore,https://ieeexplore.ieee.org/stamp/stamp.jsp?arnumber=10376046,Recursive Service Function Chain Orchestration.,2023,10.1109/iscit57293.2023.10376046,https://ieeexplore.ieee.org/stamp/stamp.jsp?arnumber=10376046,duplicate,Confirmed exact DOI or publication-identity duplicate,EXACT-0386,Scopus::2-s2.0-85183462390
IEEE Xplore::https://ieeexplore.ieee.org/stamp/stamp.jsp?arnumber=9994566,IEEE Xplore,https://ieeexplore.ieee.org/stamp/stamp.jsp?arnumber=9994566,Research and Application of Task Scheduling and Resource Management Technology in Electric Power Artificial Intelligence Platform,2022,10.1109/auteee56487.2022.9994566,https://ieeexplore.ieee.org/stamp/stamp.jsp?arnumber=9994566,duplicate,Confirmed exact DOI or publication-identity duplicate,EXACT-0387,Scopus::2-s2.0-85146644613
IEEE Xplore::https://ieeexplore.ieee.org/stamp/stamp.jsp?arnumber=10351699,IEEE Xplore,https://ieeexplore.ieee.org/stamp/stamp.jsp?arnumber=10351699,Research and implementation of onboard heterogeneous resource scheduling,2023,10.1109/iccasit58768.2023.10351699,https://ieeexplore.ieee.org/stamp/stamp.jsp?arnumber=10351699,duplicate,Confirmed exact DOI or publication-identity duplicate,EXACT-0388,Scopus::2-s2.0-85182283163
IEEE Xplore::https://ieeexplore.ieee.org/stamp/stamp.jsp?arnumber=10899624,IEEE Xplore,https://ieeexplore.ieee.org/stamp/stamp.jsp?arnumber=10899624,Research on Artificial Intelligence Platform for Power Dispatching Based on Cloud Native Technology,2024,10.1109/aiac63745.2024.10899624,https://ieeexplore.ieee.org/stamp/stamp.jsp?arnumber=10899624,duplicate,Confirmed exact DOI or publication-identity duplicate,EXACT-0389,Scopus::2-s2.0-105000374442
IEEE Xplore::https://ieeexplore.ieee.org/stamp/stamp.jsp?arnumber=11380051,IEEE Xplore,https://ieeexplore.ieee.org/stamp/stamp.jsp?arnumber=11380051,Research on Heuristic Task Scheduling Technology for Distributed Data Stream,2025,10.1109/icec2nt65402.2025.11380051,https://ieeexplore.ieee.org/stamp/stamp.jsp?arnumber=11380051,duplicate,Confirmed exact DOI or publication-identity duplicate,EXACT-0390,Scopus::2-s2.0-105041768550
IEEE Xplore::https://ieeexplore.ieee.org/stamp/stamp.jsp?arnumber=10862767,IEEE Xplore,https://ieeexplore.ieee.org/stamp/stamp.jsp?arnumber=10862767,Research on Key Technologies of Computing Power Networks for Scientific Computing,2024,10.1109/icemce64157.2024.10862767,https://ieeexplore.ieee.org/stamp/stamp.jsp?arnumber=10862767,duplicate,Confirmed exact DOI or publication-identity duplicate,EXACT-0391,Scopus::2-s2.0-85219533892
IEEE Xplore::https://ieeexplore.ieee.org/stamp/stamp.jsp?arnumber=11601971,IEEE Xplore,https://ieeexplore.ieee.org/stamp/stamp.jsp?arnumber=11601971,Research on Multi-dimensional Correlation Topology Construction Technology for Power Grid Company Information System under Hybrid Architecture,2026,10.1109/aespe70224.2026.11601971,https://ieeexplore.ieee.org/stamp/stamp.jsp?arnumber=11601971,duplicate,Confirmed exact DOI or publication-identity duplicate,EXACT-0392,Scopus::2-s2.0-105045833168
Scopus::2-s2.0-105012091914,Scopus,2-s2.0-105012091914,Research on Performance Optimization of Cloud Rendering Technology in Simulation of Pumped Storage Power Station Construction,2025,10.1109/peed63748.2025.00040,https://www.scopus.com/pages/publications/105012091914?origin=resultslist,duplicate,Confirmed exact DOI or publication-identity duplicate,EXACT-0393,IEEE Xplore::https://ieeexplore.ieee.org/stamp/stamp.jsp?arnumber=11053914
IEEE Xplore::https://ieeexplore.ieee.org/stamp/stamp.jsp?arnumber=10405536,IEEE Xplore,https://ieeexplore.ieee.org/stamp/stamp.jsp?arnumber=10405536,Research on SDN Functional System of Cloud Platform Based on K8s Scheduling Virtual Machine,2023,10.1109/icaica58456.2023.10405536,https://ieeexplore.ieee.org/stamp/stamp.jsp?arnumber=10405536,duplicate,Confirmed exact DOI or publication-identity duplicate,EXACT-0394,Scopus::2-s2.0-85185880920
IEEE Xplore::https://ieeexplore.ieee.org/stamp/stamp.jsp?arnumber=9708207,IEEE Xplore,https://ieeexplore.ieee.org/stamp/stamp.jsp?arnumber=9708207,Research on Task Scheduling Algorithm for Edge Computing in Low-voltage transformer the area network,2021,10.1109/aeero52475.2021.9708207,https://ieeexplore.ieee.org/stamp/stamp.jsp?arnumber=9708207,duplicate,Confirmed exact DOI or publication-identity duplicate,EXACT-0395,Scopus::2-s2.0-85125761665
IEEE Xplore::https://ieeexplore.ieee.org/stamp/stamp.jsp?arnumber=11438124,IEEE Xplore,https://ieeexplore.ieee.org/stamp/stamp.jsp?arnumber=11438124,"Research on a Machine Learning and Cloud Computing-Based System for Real-Time Prediction, Fast Decision-Making, and Dynamic Resource Scheduling in Large-Scale Networks",2025,10.1109/iicspi66775.2025.11438124,https://ieeexplore.ieee.org/stamp/stamp.jsp?arnumber=11438124,duplicate,Confirmed exact DOI or publication-identity duplicate,EXACT-0396,Scopus::2-s2.0-105035998092
IEEE Xplore::https://ieeexplore.ieee.org/stamp/stamp.jsp?arnumber=11604563,IEEE Xplore,https://ieeexplore.ieee.org/stamp/stamp.jsp?arnumber=11604563,Research on the Integration Development Path of Cloud Computing and Artificial Intelligence,2026,10.1109/icaide69370.2026.11604563,https://ieeexplore.ieee.org/stamp/stamp.jsp?arnumber=11604563,duplicate,Confirmed exact DOI or publication-identity duplicate,EXACT-0397,Scopus::2-s2.0-105046182721
Scopus::2-s2.0-105041667338,Scopus,2-s2.0-105041667338,Resource Efficiency in Containerized Distributed Microservices Through Advanced Orchestration,2025,10.1109/iccit68739.2025.11490271,https://www.scopus.com/pages/publications/105041667338?origin=resultslist,duplicate,Confirmed exact DOI or publication-identity duplicate,EXACT-0398,IEEE Xplore::https://ieeexplore.ieee.org/stamp/stamp.jsp?arnumber=11490271
IEEE Xplore::https://ieeexplore.ieee.org/stamp/stamp.jsp?arnumber=11218120,IEEE Xplore,https://ieeexplore.ieee.org/stamp/stamp.jsp?arnumber=11218120,Resource Orchestration in a Terrestrial and Non-Terrestrial Framework,2025,10.23919/aeit67669.2025.11218120,https://ieeexplore.ieee.org/stamp/stamp.jsp?arnumber=11218120,duplicate,Confirmed exact DOI or publication-identity duplicate,EXACT-0399,Scopus::2-s2.0-105025194723
IEEE Xplore::https://ieeexplore.ieee.org/stamp/stamp.jsp?arnumber=9464049,IEEE Xplore,https://ieeexplore.ieee.org/stamp/stamp.jsp?arnumber=9464049,Resource Provisioning in Fog Computing through Deep Reinforcement Learning,2021,,https://ieeexplore.ieee.org/stamp/stamp.jsp?arnumber=9464049,duplicate,Confirmed exact DOI or publication-identity duplicate,EXACT-0400,Scopus::2-s2.0-85113586083
IEEE Xplore::https://ieeexplore.ieee.org/stamp/stamp.jsp?arnumber=11322311,IEEE Xplore,https://ieeexplore.ieee.org/stamp/stamp.jsp?arnumber=11322311,Robust Container Scheduling Based on Resource Prediction and User Request Characteristics,2025,10.1109/auteee67053.2025.11322311,https://ieeexplore.ieee.org/stamp/stamp.jsp?arnumber=11322311,duplicate,Confirmed exact DOI or publication-identity duplicate,EXACT-0401,Scopus::2-s2.0-105032734601
IEEE Xplore::https://ieeexplore.ieee.org/stamp/stamp.jsp?arnumber=9158547,IEEE Xplore,https://ieeexplore.ieee.org/stamp/stamp.jsp?arnumber=9158547,Rusty: Runtime Interference-Aware Predictive Monitoring for Modern Multi-Tenant Systems,2021,10.1109/tpds.2020.3013948,https://ieeexplore.ieee.org/stamp/stamp.jsp?arnumber=9158547,duplicate,Confirmed exact DOI or publication-identity duplicate,EXACT-0402,Scopus::2-s2.0-85090449884
DBLP::journals/cluster/LiLWH25,DBLP,journals/cluster/LiLWH25,SIMPLO: a reinforcement learning-based long-running container scheduling algorithm with interference awareness for performance and power efficiency optimization.,2025,10.1007/s10586-025-05414-w,https://dblp.org/rec/journals/cluster/LiLWH25,duplicate,Confirmed exact DOI or publication-identity duplicate,EXACT-0403,Scopus::2-s2.0-105015059959
IEEE Xplore::https://ieeexplore.ieee.org/stamp/stamp.jsp?arnumber=11588074,IEEE Xplore,https://ieeexplore.ieee.org/stamp/stamp.jsp?arnumber=11588074,SLA-Driven Adaptive FL policy with Real-Time Visualization for Zero-Touch 6G Network Slicing,2026,10.1109/icc59461.2026.11588074,https://ieeexplore.ieee.org/stamp/stamp.jsp?arnumber=11588074,duplicate,Confirmed exact DOI or publication-identity duplicate,EXACT-0404,Scopus::2-s2.0-105045346030
IEEE Xplore::https://ieeexplore.ieee.org/stamp/stamp.jsp?arnumber=11344111,IEEE Xplore,https://ieeexplore.ieee.org/stamp/stamp.jsp?arnumber=11344111,Sales Management for Compute Resources in Decentralized Edge Computing Platforms,2025,10.1109/edgecom66327.2025.00023,https://ieeexplore.ieee.org/stamp/stamp.jsp?arnumber=11344111,duplicate,Confirmed exact DOI or publication-identity duplicate,EXACT-0405,Scopus::2-s2.0-105033548958
IEEE Xplore::https://ieeexplore.ieee.org/stamp/stamp.jsp?arnumber=11326019,IEEE Xplore,https://ieeexplore.ieee.org/stamp/stamp.jsp?arnumber=11326019,Satellite-as-a-Service Architecture for ML Edge Computing on Heterogeneous Processing Platforms,2025,,https://ieeexplore.ieee.org/stamp/stamp.jsp?arnumber=11326019,duplicate,Confirmed exact DOI or publication-identity duplicate,EXACT-0406,Scopus::2-s2.0-105035065934
IEEE Xplore::https://ieeexplore.ieee.org/stamp/stamp.jsp?arnumber=11621008,IEEE Xplore,https://ieeexplore.ieee.org/stamp/stamp.jsp?arnumber=11621008,Scalability and Runtime Efficiency of Low-Code Platforms for Multi-Scenario Power Grid Operations,2026,10.1109/cicse70286.2026.11621008,https://ieeexplore.ieee.org/stamp/stamp.jsp?arnumber=11621008,duplicate,Confirmed exact DOI or publication-identity duplicate,EXACT-0407,Scopus::2-s2.0-105046990100
ACM Digital Library::10.1145/3626641.3626936,ACM Digital Library,10.1145/3626641.3626936,Scalable Edge Computing Cluster Using a Set of Raspberry Pi: A Framework,2023,10.1145/3626641.3626936,https://doi.org/10.1145/3626641.3626936,duplicate,Confirmed exact DOI or publication-identity duplicate,EXACT-0408,Scopus::2-s2.0-85182398983
Scopus::2-s2.0-105024974949,Scopus,2-s2.0-105024974949,Scaling Millions to Billions: CaieFinder's Journey from Monolith to Microservices to Serverless,2025,10.1109/nof66640.2025.11223309,https://www.scopus.com/pages/publications/105024974949?origin=resultslist,duplicate,Confirmed exact DOI or publication-identity duplicate,EXACT-0409,IEEE Xplore::https://ieeexplore.ieee.org/stamp/stamp.jsp?arnumber=11223309
DBLP::conf/gecon/ChiorescuD24,DBLP,conf/gecon/ChiorescuD24,Scheduling Energy-Aware Multi-function Serverless Workloads in OpenFaaS.,2024,10.1007/978-3-031-81226-2_13,https://dblp.org/rec/conf/gecon/ChiorescuD24,duplicate,Confirmed exact DOI or publication-identity duplicate,EXACT-0410,Scopus::2-s2.0-85219209814
IEEE Xplore::https://ieeexplore.ieee.org/stamp/stamp.jsp?arnumber=11073729,IEEE Xplore,https://ieeexplore.ieee.org/stamp/stamp.jsp?arnumber=11073729,Scheduling Latency-Sensitive Tasks in the Cloud Continuum with Hierarchical Reinforcement Learning,2025,10.1109/noms57970.2025.11073729,https://ieeexplore.ieee.org/stamp/stamp.jsp?arnumber=11073729,duplicate,Confirmed exact DOI or publication-identity duplicate,EXACT-0411,Scopus::2-s2.0-105012202367
IEEE Xplore::https://ieeexplore.ieee.org/stamp/stamp.jsp?arnumber=10018219,IEEE Xplore,https://ieeexplore.ieee.org/stamp/stamp.jsp?arnumber=10018219,Sdn+K8s Routing Optimization Strategy in 5G Cloud Edge Collaboration Scenario,2023,10.1109/access.2023.3237201,https://ieeexplore.ieee.org/stamp/stamp.jsp?arnumber=10018219,duplicate,Confirmed exact DOI or publication-identity duplicate,EXACT-0412,Scopus::2-s2.0-85147271111
IEEE Xplore::https://ieeexplore.ieee.org/stamp/stamp.jsp?arnumber=11631705,IEEE Xplore,https://ieeexplore.ieee.org/stamp/stamp.jsp?arnumber=11631705,Seamless Integration of FPGA-based MPSoCs into Computing Continuum Infrastructures,2026,10.1109/tcad.2026.3718802,https://ieeexplore.ieee.org/stamp/stamp.jsp?arnumber=11631705,duplicate,Confirmed exact DOI or publication-identity duplicate,EXACT-0413,Scopus::2-s2.0-105046341515
ACM Digital Library::10.1145/3731599.3767355,ACM Digital Library,10.1145/3731599.3767355,Seamless end-to-end containerized HPC environments,2025,10.1145/3731599.3767355,https://doi.org/10.1145/3731599.3767355,duplicate,Confirmed exact DOI or publication-identity duplicate,EXACT-0414,IEEE Xplore::https://ieeexplore.ieee.org/stamp/stamp.jsp?arnumber=11358385
IEEE Xplore::https://ieeexplore.ieee.org/stamp/stamp.jsp?arnumber=10938380,IEEE Xplore,https://ieeexplore.ieee.org/stamp/stamp.jsp?arnumber=10938380,Sequence-Aware Online Container Scheduling With Reinforcement Learning in Parked Vehicle Edge Computing,2025,10.1109/tvt.2025.3554595,https://ieeexplore.ieee.org/stamp/stamp.jsp?arnumber=10938380,duplicate,Confirmed exact DOI or publication-identity duplicate,EXACT-0415,Scopus::2-s2.0-105001232809
IEEE Xplore::https://ieeexplore.ieee.org/stamp/stamp.jsp?arnumber=9547278,IEEE Xplore,https://ieeexplore.ieee.org/stamp/stamp.jsp?arnumber=9547278,Service Relationship Orchestration: Lessons Learned From Running Large Scale Smart City Platforms on Kubernetes,2021,10.1109/access.2021.3115438,https://ieeexplore.ieee.org/stamp/stamp.jsp?arnumber=9547278,duplicate,Confirmed exact DOI or publication-identity duplicate,EXACT-0416,Scopus::2-s2.0-85115755182
IEEE Xplore::https://ieeexplore.ieee.org/stamp/stamp.jsp?arnumber=11424361,IEEE Xplore,https://ieeexplore.ieee.org/stamp/stamp.jsp?arnumber=11424361,Service-Oriented Web Framework for Real-time Data Flow Tracing and Threat Propagation Analysis in Distributed Energy Systems,2026,10.13052/jwe1540-9589.2525,https://ieeexplore.ieee.org/stamp/stamp.jsp?arnumber=11424361,duplicate,Confirmed exact DOI or publication-identity duplicate,EXACT-0417,Scopus::2-s2.0-105033127631
IEEE Xplore::https://ieeexplore.ieee.org/stamp/stamp.jsp?arnumber=10302780,IEEE Xplore,https://ieeexplore.ieee.org/stamp/stamp.jsp?arnumber=10302780,Shared Network Function Placement for Cloud Native 5G Core Networks,2023,10.1109/nof58724.2023.10302780,https://ieeexplore.ieee.org/stamp/stamp.jsp?arnumber=10302780,duplicate,Confirmed exact DOI or publication-identity duplicate,EXACT-0418,Scopus::2-s2.0-85178521712
IEEE Xplore::https://ieeexplore.ieee.org/stamp/stamp.jsp?arnumber=9302774,IEEE Xplore,https://ieeexplore.ieee.org/stamp/stamp.jsp?arnumber=9302774,Single-Input Multiple-Output Control for Multi-Goal Orchestration,2020,10.1109/ucc48980.2020.00039,https://ieeexplore.ieee.org/stamp/stamp.jsp?arnumber=9302774,duplicate,Confirmed exact DOI or publication-identity duplicate,EXACT-0419,Scopus::2-s2.0-85099530806
IEEE Xplore::https://ieeexplore.ieee.org/stamp/stamp.jsp?arnumber=11186557,IEEE Xplore,https://ieeexplore.ieee.org/stamp/stamp.jsp?arnumber=11186557,Slice-Based Resource Allocation for Intermediate UPF,2025,10.1109/itc-egypt66095.2025.11186557,https://ieeexplore.ieee.org/stamp/stamp.jsp?arnumber=11186557,duplicate,Confirmed exact DOI or publication-identity duplicate,EXACT-0420,Scopus::2-s2.0-105020906634
IEEE Xplore::https://ieeexplore.ieee.org/stamp/stamp.jsp?arnumber=10747086,IEEE Xplore,https://ieeexplore.ieee.org/stamp/stamp.jsp?arnumber=10747086,SliceSphere: Agile Service Orchestration and Management Framework for Cloud-Native Application Slices,2024,10.1109/access.2024.3492138,https://ieeexplore.ieee.org/stamp/stamp.jsp?arnumber=10747086,duplicate,Confirmed exact DOI or publication-identity duplicate,EXACT-0421,Scopus::2-s2.0-85209063893
IEEE Xplore::https://ieeexplore.ieee.org/stamp/stamp.jsp?arnumber=10275443,IEEE Xplore,https://ieeexplore.ieee.org/stamp/stamp.jsp?arnumber=10275443,Smart I4.0-Based Irrigation System for Optimization in Water Management: A case study,2023,10.1109/etfa54631.2023.10275443,https://ieeexplore.ieee.org/stamp/stamp.jsp?arnumber=10275443,duplicate,Confirmed exact DOI or publication-identity duplicate,EXACT-0422,Scopus::2-s2.0-85175473633
IEEE Xplore::https://ieeexplore.ieee.org/stamp/stamp.jsp?arnumber=11377150,IEEE Xplore,https://ieeexplore.ieee.org/stamp/stamp.jsp?arnumber=11377150,"Smart Resource Management in Cloud Infrastructure: A Survey on Orchestration, Scheduling, and Energy Optimization",2025,10.1109/icerect65215.2025.11377150,https://ieeexplore.ieee.org/stamp/stamp.jsp?arnumber=11377150,duplicate,Confirmed exact DOI or publication-identity duplicate,EXACT-0423,Scopus::2-s2.0-105034854953
IEEE Xplore::https://ieeexplore.ieee.org/stamp/stamp.jsp?arnumber=11331438,IEEE Xplore,https://ieeexplore.ieee.org/stamp/stamp.jsp?arnumber=11331438,SmartIntent: A Serverless LLM -Oriented Architecture for Intent-Driven Building Automation,2025,10.1109/cloudcom67567.2025.11331438,https://ieeexplore.ieee.org/stamp/stamp.jsp?arnumber=11331438,duplicate,Confirmed exact DOI or publication-identity duplicate,EXACT-0424,Scopus::2-s2.0-105034656576
IEEE Xplore::https://ieeexplore.ieee.org/stamp/stamp.jsp?arnumber=11105851,IEEE Xplore,https://ieeexplore.ieee.org/stamp/stamp.jsp?arnumber=11105851,Software Container-based Energy Estimation Models for ARM Architecture,2025,10.1109/ipdpsw66978.2025.00177,https://ieeexplore.ieee.org/stamp/stamp.jsp?arnumber=11105851,duplicate,Confirmed exact DOI or publication-identity duplicate,EXACT-0425,Scopus::2-s2.0-105015550698
IEEE Xplore::https://ieeexplore.ieee.org/stamp/stamp.jsp?arnumber=8629101,IEEE Xplore,https://ieeexplore.ieee.org/stamp/stamp.jsp?arnumber=8629101,Strategy and procedures for Migration to the Cloud Computing,2018,10.1109/icetas.2018.8629101,https://ieeexplore.ieee.org/stamp/stamp.jsp?arnumber=8629101,duplicate,Confirmed exact DOI or publication-identity duplicate,EXACT-0426,Scopus::2-s2.0-85062833529
IEEE Xplore::https://ieeexplore.ieee.org/stamp/stamp.jsp?arnumber=11294470,IEEE Xplore,https://ieeexplore.ieee.org/stamp/stamp.jsp?arnumber=11294470,"Sustainable Cloud-Native Infrastructure: AI, Edge, and 5G",2025,10.1109/icsit65336.2025.11294470,https://ieeexplore.ieee.org/stamp/stamp.jsp?arnumber=11294470,duplicate,Confirmed exact DOI or publication-identity duplicate,EXACT-0427,Scopus::2-s2.0-105031562625
arXiv::2603.20233,arXiv,2603.20233,SwiftBot: A Decentralized Platform for LLM-Powered Federated Robotic Task Execution,2026,,https://arxiv.org/abs/2603.20233,duplicate,Confirmed exact DOI or publication-identity duplicate,EXACT-0428,IEEE Xplore::https://ieeexplore.ieee.org/stamp/stamp.jsp?arnumber=11619231
ACM Digital Library::10.1145/3800959,ACM Digital Library,10.1145/3800959,SynergAI: Edge-to-Cloud Synergy for Architecture-Driven High-Performance Orchestration,2026,10.1145/3800959,https://doi.org/10.1145/3800959,duplicate,Confirmed exact DOI or publication-identity duplicate,EXACT-0429,Scopus::2-s2.0-105039662713
IEEE Xplore::https://ieeexplore.ieee.org/stamp/stamp.jsp?arnumber=11313043,IEEE Xplore,https://ieeexplore.ieee.org/stamp/stamp.jsp?arnumber=11313043,Synergetic Mechanisms and Performance Evaluation of Cloud-Enabled Cross-Border E-Commerce Ecosystems: A System Dynamics and Fuzzy Evaluation Approach,2025,10.1109/access.2025.3647624,https://ieeexplore.ieee.org/stamp/stamp.jsp?arnumber=11313043,duplicate,Confirmed exact DOI or publication-identity duplicate,EXACT-0430,Scopus::2-s2.0-105025966106
IEEE Xplore::https://ieeexplore.ieee.org/stamp/stamp.jsp?arnumber=9342504,IEEE Xplore,https://ieeexplore.ieee.org/stamp/stamp.jsp?arnumber=9342504,TEAM: Time and Energy Aware Application Partitioning and Resource Allocation Strategy on MEC Platform,2020,10.1109/indicon49873.2020.9342504,https://ieeexplore.ieee.org/stamp/stamp.jsp?arnumber=9342504,duplicate,Confirmed exact DOI or publication-identity duplicate,EXACT-0431,Scopus::2-s2.0-85101549558
IEEE Xplore::https://ieeexplore.ieee.org/stamp/stamp.jsp?arnumber=10092611,IEEE Xplore,https://ieeexplore.ieee.org/stamp/stamp.jsp?arnumber=10092611,TOSCA for Microservice Deployment in Distributed Control Systems: Experiences and Lessons Learned,2023,10.1109/icsa-c57050.2023.00020,https://ieeexplore.ieee.org/stamp/stamp.jsp?arnumber=10092611,duplicate,Confirmed exact DOI or publication-identity duplicate,EXACT-0432,Scopus::2-s2.0-85159147208
IEEE Xplore::https://ieeexplore.ieee.org/stamp/stamp.jsp?arnumber=11439481,IEEE Xplore,https://ieeexplore.ieee.org/stamp/stamp.jsp?arnumber=11439481,"Technology Migration, Adaptability and Function Optimization of Advanced Application System for Holographic Monitoring of Hydropower Plants",2025,10.1109/sisimpact67725.2025.11439481,https://ieeexplore.ieee.org/stamp/stamp.jsp?arnumber=11439481,duplicate,Confirmed exact DOI or publication-identity duplicate,EXACT-0433,Scopus::2-s2.0-105037461445
IEEE Xplore::https://ieeexplore.ieee.org/stamp/stamp.jsp?arnumber=11212185,IEEE Xplore,https://ieeexplore.ieee.org/stamp/stamp.jsp?arnumber=11212185,The Application of Substation Cloud-Edge Network Collaborative Service in Production and Operation Support System,2025,10.1109/aic66080.2025.11212185,https://ieeexplore.ieee.org/stamp/stamp.jsp?arnumber=11212185,duplicate,Confirmed exact DOI or publication-identity duplicate,EXACT-0434,Scopus::2-s2.0-105023640861
ACM Digital Library::10.1145/3335484.3335506,ACM Digital Library,10.1145/3335484.3335506,The Container Scheduling Method Based on the Min-Min in Edge Computing,2019,10.1145/3335484.3335506,https://doi.org/10.1145/3335484.3335506,duplicate,Confirmed exact DOI or publication-identity duplicate,EXACT-0435,Scopus::2-s2.0-85069766494
IEEE Xplore::https://ieeexplore.ieee.org/stamp/stamp.jsp?arnumber=11610341,IEEE Xplore,https://ieeexplore.ieee.org/stamp/stamp.jsp?arnumber=11610341,The Cost of Accuracy: Revisiting Machine Learning and Analytical Tools,2026,10.1109/ccece68150.2026.11610341,https://ieeexplore.ieee.org/stamp/stamp.jsp?arnumber=11610341,duplicate,Confirmed exact DOI or publication-identity duplicate,EXACT-0436,Scopus::2-s2.0-105046175463
IEEE Xplore::https://ieeexplore.ieee.org/stamp/stamp.jsp?arnumber=11592301,IEEE Xplore,https://ieeexplore.ieee.org/stamp/stamp.jsp?arnumber=11592301,The Future of Carrier Integration: Leveraging AWS and 5G SA to Build Scalable Telecom Infrastructure,2025,10.1109/ctus-emea68989.2025.11592301,https://ieeexplore.ieee.org/stamp/stamp.jsp?arnumber=11592301,duplicate,Confirmed exact DOI or publication-identity duplicate,EXACT-0437,Scopus::2-s2.0-105045927675
ACM Digital Library::10.1145/3501409.3501596,ACM Digital Library,10.1145/3501409.3501596,The deployment of FPGA Based on Network in Ultra-large-scale Data Center,2022,10.1145/3501409.3501596,https://doi.org/10.1145/3501409.3501596,duplicate,Confirmed exact DOI or publication-identity duplicate,EXACT-0438,Scopus::2-s2.0-85122655508
IEEE Xplore::https://ieeexplore.ieee.org/stamp/stamp.jsp?arnumber=11393546,IEEE Xplore,https://ieeexplore.ieee.org/stamp/stamp.jsp?arnumber=11393546,The inNuCE Research Infrastructure and the Neuromorphic MLOps for AIoT Prototyping,2026,10.1109/jiot.2026.3663902,https://ieeexplore.ieee.org/stamp/stamp.jsp?arnumber=11393546,duplicate,Confirmed exact DOI or publication-identity duplicate,EXACT-0439,Scopus::2-s2.0-105030044346
ACM Digital Library::10.1145/3774901.3778062,ACM Digital Library,10.1145/3774901.3778062,The role of energy consumption prediction in Green Orchestration,2025,10.1145/3774901.3778062,https://doi.org/10.1145/3774901.3778062,duplicate,Confirmed exact DOI or publication-identity duplicate,EXACT-0440,Scopus::2-s2.0-105026451565
Scopus::2-s2.0-105030540596,Scopus,2-s2.0-105030540596,Thoth: Reliable Orchestration of Post-Quantum Secure Communication in Multi-Architecture Edge Clusters,2025,10.1109/issrew67781.2025.00072,https://www.scopus.com/pages/publications/105030540596?origin=resultslist,duplicate,Confirmed exact DOI or publication-identity duplicate,EXACT-0441,IEEE Xplore::https://ieeexplore.ieee.org/stamp/stamp.jsp?arnumber=11262431
IEEE Xplore::https://ieeexplore.ieee.org/stamp/stamp.jsp?arnumber=11344318,IEEE Xplore,https://ieeexplore.ieee.org/stamp/stamp.jsp?arnumber=11344318,"Toward Intelligent, Sustainable, and Reliable Cloud Database Systems: A Unified Research Vision",2025,10.1109/cascon66301.2025.00122,https://ieeexplore.ieee.org/stamp/stamp.jsp?arnumber=11344318,duplicate,Confirmed exact DOI or publication-identity duplicate,EXACT-0442,Scopus::2-s2.0-105033224348
IEEE Xplore::https://ieeexplore.ieee.org/stamp/stamp.jsp?arnumber=10001252,IEEE Xplore,https://ieeexplore.ieee.org/stamp/stamp.jsp?arnumber=10001252,Toward Performance Efficient UAV Task Scheduling in Cloud Native Edge,2022,10.1109/globecom48099.2022.10001252,https://ieeexplore.ieee.org/stamp/stamp.jsp?arnumber=10001252,duplicate,Confirmed exact DOI or publication-identity duplicate,EXACT-0443,Scopus::2-s2.0-85146933747
ACM Digital Library::10.1145/3652620.3688264,ACM Digital Library,10.1145/3652620.3688264,Towards A Framework For Farm Scale Digital Twin,2024,10.1145/3652620.3688264,https://doi.org/10.1145/3652620.3688264,duplicate,Confirmed exact DOI or publication-identity duplicate,EXACT-0444,Scopus::2-s2.0-85212190783
IEEE Xplore::https://ieeexplore.ieee.org/stamp/stamp.jsp?arnumber=11395140,IEEE Xplore,https://ieeexplore.ieee.org/stamp/stamp.jsp?arnumber=11395140,Towards Carbon-Aware Container Orchestration: Predicting Workload Energy Consumption with Federated Learning,2025,10.1109/swc65939.2025.00082,https://ieeexplore.ieee.org/stamp/stamp.jsp?arnumber=11395140,duplicate,Confirmed exact DOI or publication-identity duplicate,EXACT-0445,Scopus::2-s2.0-105035830573
IEEE Xplore::https://ieeexplore.ieee.org/stamp/stamp.jsp?arnumber=8947860,IEEE Xplore,https://ieeexplore.ieee.org/stamp/stamp.jsp?arnumber=8947860,Towards Dynamic On-Demand Fog Computing Formation Based On Containerization Technology,2018,10.1109/csci46756.2018.00187,https://ieeexplore.ieee.org/stamp/stamp.jsp?arnumber=8947860,duplicate,Confirmed exact DOI or publication-identity duplicate,EXACT-0446,Scopus::2-s2.0-85074504136
IEEE Xplore::https://ieeexplore.ieee.org/stamp/stamp.jsp?arnumber=11368078,IEEE Xplore,https://ieeexplore.ieee.org/stamp/stamp.jsp?arnumber=11368078,Towards Energy-Efficient Serverless Clouds: A Reinforcement Learning-Based Scheduling Approach,2025,10.1109/cicn67655.2025.11368078,https://ieeexplore.ieee.org/stamp/stamp.jsp?arnumber=11368078,duplicate,Confirmed exact DOI or publication-identity duplicate,EXACT-0447,Scopus::2-s2.0-105034685611
IEEE Xplore::https://ieeexplore.ieee.org/stamp/stamp.jsp?arnumber=11591886,IEEE Xplore,https://ieeexplore.ieee.org/stamp/stamp.jsp?arnumber=11591886,Towards Sustainable Kubernetes: Leveraging KEDA and Knative for Zero-Instance Scaling,2026,10.1109/mipro70003.2026.11591886,https://ieeexplore.ieee.org/stamp/stamp.jsp?arnumber=11591886,duplicate,Confirmed exact DOI or publication-identity duplicate,EXACT-0448,Scopus::2-s2.0-105046187786
IEEE Xplore::https://ieeexplore.ieee.org/stamp/stamp.jsp?arnumber=9060302,IEEE Xplore,https://ieeexplore.ieee.org/stamp/stamp.jsp?arnumber=9060302,Towards a Framework for Monitoring and Analyzing High Performance Computing Environments Using Kubernetes and Prometheus,2019,10.1109/smartworld-uic-atc-scalcom-iop-sci.2019.00087,https://ieeexplore.ieee.org/stamp/stamp.jsp?arnumber=9060302,duplicate,Confirmed exact DOI or publication-identity duplicate,EXACT-0449,Scopus::2-s2.0-85083562941
arXiv::2312.15323,arXiv,2312.15323,Towards a Microservice-based Middleware for a Multi-hazard Early Warning System,2023,,https://arxiv.org/abs/2312.15323,duplicate,Confirmed exact DOI or publication-identity duplicate,EXACT-0450,Scopus::2-s2.0-85171179147
IEEE Xplore::https://ieeexplore.ieee.org/stamp/stamp.jsp?arnumber=9594313,IEEE Xplore,https://ieeexplore.ieee.org/stamp/stamp.jsp?arnumber=9594313,"Transitioning from Legacy Air Traffic Management to Airspace Management through Secure, Cloud-Native Automation Solutions",2021,10.1109/dasc52595.2021.9594313,https://ieeexplore.ieee.org/stamp/stamp.jsp?arnumber=9594313,duplicate,Confirmed exact DOI or publication-identity duplicate,EXACT-0451,Scopus::2-s2.0-85122816710
IEEE Xplore::https://ieeexplore.ieee.org/stamp/stamp.jsp?arnumber=10859017,IEEE Xplore,https://ieeexplore.ieee.org/stamp/stamp.jsp?arnumber=10859017,Trapping resource orchestration scheme based on electric power environment,2024,10.1109/dsc63484.2024.00072,https://ieeexplore.ieee.org/stamp/stamp.jsp?arnumber=10859017,duplicate,Confirmed exact DOI or publication-identity duplicate,EXACT-0452,Scopus::2-s2.0-85218461213
IEEE Xplore::https://ieeexplore.ieee.org/stamp/stamp.jsp?arnumber=10628345,IEEE Xplore,https://ieeexplore.ieee.org/stamp/stamp.jsp?arnumber=10628345,Unleashing Flexibility and Interoperability in QKD Networks: The Power of Softwarized Architectures,2024,10.1109/qcnc62729.2024.00041,https://ieeexplore.ieee.org/stamp/stamp.jsp?arnumber=10628345,duplicate,Confirmed exact DOI or publication-identity duplicate,EXACT-0453,Scopus::2-s2.0-85203677640
IEEE Xplore::https://ieeexplore.ieee.org/stamp/stamp.jsp?arnumber=11358298,IEEE Xplore,https://ieeexplore.ieee.org/stamp/stamp.jsp?arnumber=11358298,Usability Evaluation of Cloud for HPC Applications,2025,,https://ieeexplore.ieee.org/stamp/stamp.jsp?arnumber=11358298,duplicate,Confirmed exact DOI or publication-identity duplicate,EXACT-0454,ACM Digital Library::10.1145/3731599.3767353
IEEE Xplore::https://ieeexplore.ieee.org/stamp/stamp.jsp?arnumber=10090468,IEEE Xplore,https://ieeexplore.ieee.org/stamp/stamp.jsp?arnumber=10090468,VNF and CNF Placement in 5G: Recent Advances and Future Trends,2023,10.1109/tnsm.2023.3264005,https://ieeexplore.ieee.org/stamp/stamp.jsp?arnumber=10090468,duplicate,Confirmed exact DOI or publication-identity duplicate,EXACT-0455,Scopus::2-s2.0-85153359952
arXiv::2603.09730,arXiv,2603.09730,WVA: A Global Optimization Control Plane for llmd,2026,,https://arxiv.org/abs/2603.09730,duplicate,Confirmed exact DOI or publication-identity duplicate,EXACT-0456,IEEE Xplore::https://ieeexplore.ieee.org/stamp/stamp.jsp?arnumber=11662362
IEEE Xplore::https://ieeexplore.ieee.org/stamp/stamp.jsp?arnumber=9812880,IEEE Xplore,https://ieeexplore.ieee.org/stamp/stamp.jsp?arnumber=9812880,When Power-of-d-Choices Meets Priority,2022,10.1109/iwqos54832.2022.9812880,https://ieeexplore.ieee.org/stamp/stamp.jsp?arnumber=9812880,duplicate,Confirmed exact DOI or publication-identity duplicate,EXACT-0457,Scopus::2-s2.0-85135382228
IEEE Xplore::https://ieeexplore.ieee.org/stamp/stamp.jsp?arnumber=10942549,IEEE Xplore,https://ieeexplore.ieee.org/stamp/stamp.jsp?arnumber=10942549,Workload-Aware Performance Model Based Soft Preemptive Real-Time Scheduling for Neural Processing Units,2025,10.1109/tpds.2025.3553922,https://ieeexplore.ieee.org/stamp/stamp.jsp?arnumber=10942549,duplicate,Confirmed exact DOI or publication-identity duplicate,EXACT-0458,Scopus::2-s2.0-105003169924
IEEE Xplore::https://ieeexplore.ieee.org/stamp/stamp.jsp?arnumber=10175438,IEEE Xplore,https://ieeexplore.ieee.org/stamp/stamp.jsp?arnumber=10175438,XAI-Enabled Fine Granular Vertical Resources Autoscaler,2023,10.1109/netsoft57336.2023.10175438,https://ieeexplore.ieee.org/stamp/stamp.jsp?arnumber=10175438,duplicate,Confirmed exact DOI or publication-identity duplicate,EXACT-0459,Scopus::2-s2.0-85166479369
ACM Digital Library::3291656.3291659,ACM Digital Library,3291656.3291659,bespoKV: application tailored scale-out key-value stores,2018,,,duplicate,Confirmed exact DOI or publication-identity duplicate,EXACT-0460,ACM Digital Library::10.1109/SC.2018.00005
IEEE Xplore::https://ieeexplore.ieee.org/stamp/stamp.jsp?arnumber=10138542,IEEE Xplore,https://ieeexplore.ieee.org/stamp/stamp.jsp?arnumber=10138542,"eBPF: A New Approach to Cloud-Native Observability, Networking and Security for Current (5G) and Future Mobile Networks (6G and Beyond)",2023,10.1109/access.2023.3281480,https://ieeexplore.ieee.org/stamp/stamp.jsp?arnumber=10138542,duplicate,Confirmed exact DOI or publication-identity duplicate,EXACT-0461,Scopus::2-s2.0-85161058899
ACM Digital Library::10.1145/3579371.3589068,ACM Digital Library,10.1145/3579371.3589068,μManycore: A Cloud-Native CPU for Tail at Scale,2023,10.1145/3579371.3589068,https://doi.org/10.1145/3579371.3589068,duplicate,Confirmed exact DOI or publication-identity duplicate,EXACT-0462,Scopus::2-s2.0-85168895599
DBLP::journals/corr/abs-2310-20375,DBLP,journals/corr/abs-2310-20375,GreenCourier: Carbon-Aware Scheduling for Serverless Functions.,2023,10.48550/arxiv.2310.20375,https://dblp.org/rec/journals/corr/abs-2310-20375,superseded preprint,Formal publication retained in preference to the preprint,CONFLICT-0006,Scopus::2-s2.0-85180124267
DBLP::journals/corr/abs-2409-00550,DBLP,journals/corr/abs-2409-00550,CASA: A Framework for SLO and Carbon-Aware Autoscaling and Scheduling in Serverless Cloud Computing.,2024,10.48550/arxiv.2409.00550,https://dblp.org/rec/journals/corr/abs-2409-00550,superseded preprint,Formal publication retained in preference to the preprint,CONFLICT-0009,Scopus::2-s2.0-85213365355
DBLP::journals/corr/abs-2510-03970,DBLP,journals/corr/abs-2510-03970,Towards Carbon-Aware Container Orchestration: Predicting Workload Energy Consumption with Federated Learning.,2025,10.48550/arxiv.2510.03970,https://dblp.org/rec/journals/corr/abs-2510-03970,superseded preprint,Formal publication retained in preference to the preprint,CONFLICT-0010,Scopus::2-s2.0-105035830573
DBLP::journals/corr/abs-2602-08191,DBLP,journals/corr/abs-2602-08191,NeuroScaler: Towards Energy-Optimal Autoscaling for Container-Based Services.,2026,10.48550/arxiv.2602.08191,https://dblp.org/rec/journals/corr/abs-2602-08191,superseded preprint,Formal publication retained in preference to the preprint,CONFLICT-0011,Scopus::2-s2.0-105045422668
arXiv::2503.03618,arXiv,2503.03618,Design and Implementation of an IoT Cluster with Raspberry Pi Powered by Solar Energy: A Theoretical Approach,2025,10.5281/zenodo.14957338,https://arxiv.org/abs/2503.03618,superseded preprint,Formal publication retained in preference to the preprint,CONFLICT-0012,Scopus::2-s2.0-105040927660
DBLP::journals/corr/abs-2408-01176,DBLP,journals/corr/abs-2408-01176,Power Aware Container Placement in Cloud Computing with Affinity and Cubic Power Model.,2024,10.48550/arxiv.2408.01176,https://dblp.org/rec/journals/corr/abs-2408-01176,superseded preprint,Formal publication retained in preference to the preprint,CONFLICT-0016,DBLP::journals/computing/SarkarSMS25
DBLP::journals/corr/abs-2409-02085,DBLP,journals/corr/abs-2409-02085,EcoLife: Carbon-Aware Serverless Function Scheduling for Sustainable Computing.,2024,10.48550/arxiv.2409.02085,https://dblp.org/rec/journals/corr/abs-2409-02085,superseded preprint,Formal publication retained in preference to the preprint,CONFLICT-0017,DBLP::conf/sc/0002RLT24
DBLP::journals/corr/abs-2410-06695,DBLP,journals/corr/abs-2410-06695,Energy Efficient Scheduling for Serverless Systems.,2024,10.48550/arxiv.2410.06695,https://dblp.org/rec/journals/corr/abs-2410-06695,superseded preprint,Formal publication retained in preference to the preprint,CONFLICT-0018,DBLP::conf/acsos/TsenosPK23
arXiv::2506.04902,arXiv,2506.04902,Energy-Optimized Scheduling for AIoT Workloads Using TOPSIS,2025,,https://arxiv.org/abs/2506.04902,superseded preprint,Formal publication retained in preference to the near-title preprint,NEAR-0002,Scopus::2-s2.0-105015437349
arXiv::2509.12252,arXiv,2509.12252,SynergAI: Edge-to-Cloud Synergy for Architecture-Driven High-Performance Orchestration for AI Inference,2025,,https://arxiv.org/abs/2509.12252,superseded preprint,Formal publication retained in preference to the near-title preprint,NEAR-0003,Scopus::2-s2.0-105039662713
